ALMCOD,MEDCOD,STKSALDO,STKPRECIO,STKFECHULT,FLG_SOCKET
06162F0102,00946,0,1.0,2020-12-31 15:26:54,
06162F0102,25146,141,0.07,2020-12-31 15:26:54,
06162F0102,03964,0,0.011274,2020-12-31 15:26:54,
06162F0101,00143,332,0.21243,2021-11-25 00:00:00,
06162F0101,00091,0,0.022612,2021-02-27 00:00:00,
06162F0101,00356,57,0.16,2020-12-31 15:27:03,
06162F0101,03513,520,0.146147,2021-02-27 00:00:00,
06162F0101,36412,5,6.532552,2021-07-30 00:00:00,
06162F0101,36413,15,7.25,2020-12-31 15:27:03,
06162F0101,08008,100,0.097876,2021-12-22 00:00:00,
06162F0101,15047,0,0.42,2020-12-31 15:27:03,
06162F0101,10148,546,0.11,2020-12-31 15:27:03,
06162F0101,10151,1613,0.1,2020-12-31 15:27:03,
06162F0101,10155,3594,0.087866,2021-11-25 00:00:00,
06162F0101,10158,228,0.093579,2021-10-26 00:00:00,
06162F0101,00259,25,1.298262,2021-12-22 00:00:00,
06162F0101,00269,0,0.16,2020-12-31 15:27:03,
06162F0101,10222,2,1.06,2020-12-31 15:27:03,
06162F0101,35125,99,10.6875,2021-12-18 00:00:00,
06162F0101,10230,3,6.5,2020-12-31 15:27:03,
06162F0101,10246,30,1.355786,2021-07-30 00:00:00,
06162F0101,10249,62,10.983333,2021-02-27 00:00:00,
06162F0101,00393,790,0.016454,2021-12-28 00:00:00,
06162F0101,18091,89,2.36817,2021-10-26 00:00:00,
06162F0101,00627,60,1.024537,2021-10-26 00:00:00,
06162F0101,00671,0,0.075614,2021-02-27 00:00:00,
06162F0101,00673,140,0.05625,2021-09-25 00:00:00,
06162F0101,00725,10,3.9375,2021-12-22 00:00:00,
06162F0101,00750,3955,0.320153,2021-12-22 00:00:00,
06162F0101,00794,15,1.76808,2021-12-22 00:00:00,
06162F0101,00808,0,0.1299,2021-08-27 00:00:00,
06162F0101,18155,0,0.9,2020-12-31 15:27:03,
06162F0101,00900,210,0.064436,2021-07-30 00:00:00,
06162F0101,00903,0,0.049387,2021-09-25 00:00:00,
06162F0101,00910,295,0.315,2021-12-22 00:00:00,
06162F0101,00939,5,4.2,2020-12-31 15:27:03,
06162F0101,00946,561,1.0,2020-12-31 15:27:03,
06162F0101,00947,851,0.438674,2021-12-22 00:00:00,
06162F0101,01009,5,8.38856,2021-11-25 00:00:00,
06162F0101,18291,0,0.7,2020-12-31 15:27:03,
06162F0101,18153,0,0.8,2020-12-31 15:27:03,
06162F0101,18048,0,1.43,2020-12-31 15:27:03,
06162F0101,01053,61,2.224012,2021-10-26 00:00:00,
06162F0101,01205,33,0.904601,2021-10-26 00:00:00,
06162F0101,01256,42,6.1875,2021-10-26 00:00:00,
06162F0101,10355,7,0.48,2020-12-31 15:27:03,
06162F0101,10363,4,4.13,2020-12-31 15:27:03,
06162F0101,35515,0,0.675,2021-10-13 00:00:00,
06162F0101,15288,1,0.27,2020-12-31 15:27:03,
06162F0101,15287,1,0.27,2020-12-31 15:27:03,
06162F0101,01378,35,2.4,2020-12-31 15:27:03,
06162F0101,24334,0,7.88,2020-12-31 15:27:03,
06162F0101,29817,200,7.0875,2021-12-22 00:00:00,
06162F0101,01503,180,0.112499,2021-09-25 00:00:00,
06162F0101,15334,45,4.88,2020-12-31 15:27:03,
06162F0101,15336,4,2.66,2020-12-31 15:27:03,
06162F0101,10419,20,1.38,2020-12-31 15:27:03,
06162F0101,01522,2803,0.027596,2021-10-26 00:00:00,
06162F0101,19421,16,0.63,2021-11-25 00:00:00,
06162F0101,22256,226,0.632341,2021-11-25 00:00:00,
06162F0101,10477,214,3.16609,2021-11-25 00:00:00,
06162F0101,10482,178,0.630048,2021-11-25 00:00:00,
06162F0101,01628,0,3.248212,2021-07-30 00:00:00,
06162F0101,18156,12,1.29654,2021-09-25 00:00:00,
06162F0101,18158,10,1.125646,2021-08-21 00:00:00,
06162F0101,01705,0,17.425,2021-02-27 00:00:00,
06162F0101,01711,530,0.765191,2021-10-26 00:00:00,
06162F0101,01846,4000,0.130734,2021-12-28 00:00:00,
06162F0101,01925,0,9.8,2020-12-31 15:27:03,
06162F0101,01930,48,0.75,2020-12-31 15:27:03,
06162F0101,01964,891,0.277852,2021-10-26 00:00:00,
06162F0101,01958,13,1.25,2021-04-30 00:00:00,
06162F0101,01973,1,1.08,2021-09-25 00:00:00,
06162F0101,02128,505,0.119118,2021-11-25 00:00:00,
06162F0101,02132,15,1.121948,2021-12-22 00:00:00,
06162F0101,02149,3434,0.018147,2021-11-25 00:00:00,
06162F0101,31592,0,57.5,2020-12-31 15:27:03,
06162F0101,02319,246,0.967485,2021-11-25 00:00:00,
06162F0101,28800,15,12.5,2020-12-31 15:27:03,
06162F0101,19677,10,6.75,2020-12-31 15:27:03,
06162F0101,29804,1,87.5,2020-12-31 15:27:03,
06162F0101,02657,53,0.351284,2021-07-30 00:00:00,
06162F0101,02654,85,0.03,2020-12-31 15:27:03,
06162F0101,02642,520,0.132507,2021-12-22 00:00:00,
06162F0101,02641,0,0.31,2020-12-31 15:27:03,
06162F0101,02724,550,1.440256,2021-11-29 00:00:00,
06162F0101,03783,12,3.0,2020-12-31 15:27:03,
06162F0101,03787,0,0.451236,2021-12-18 00:00:00,
06162F0101,03789,6,3.426109,2021-02-27 00:00:00,
06162F0101,02754,56,0.10125,2021-09-25 00:00:00,
06162F0101,02752,53,0.374194,2021-07-30 00:00:00,
06162F0101,02788,3127,0.124087,2021-11-25 00:00:00,
06162F0101,02826,11,6.0,2020-12-31 15:27:03,
06162F0101,02830,16,2.910262,2021-08-21 00:00:00,
06162F0101,02836,8384,0.23,2021-11-25 00:00:00,
06162F0101,02884,902,0.900003,2021-12-22 00:00:00,
06162F0101,02891,2896,0.078825,2021-11-29 00:00:00,
06162F0101,02954,54,0.342031,2021-02-27 00:00:00,
06162F0101,03010,0,5.73,2020-12-31 15:27:03,
06162F0101,03018,314,0.085798,2021-11-25 00:00:00,
06162F0101,03078,330,0.031199,2021-12-28 00:00:00,
06162F0101,03080,800,0.038643,2021-12-28 00:00:00,
06162F0101,22405,92,0.19,2020-12-31 15:27:03,
06162F0101,03097,86,0.381982,2021-02-27 00:00:00,
06162F0101,10929,502,1.103451,2021-11-25 00:00:00,
06162F0101,28395,34,2.4105,2021-12-22 00:00:00,
06162F0101,03182,8,3.398675,2021-09-25 00:00:00,
06162F0101,03191,0,0.419791,2021-09-25 00:00:00,
06162F0101,03215,1478,0.319398,2021-11-25 00:00:00,
06162F0101,03213,1264,0.689109,2021-11-25 00:00:00,
06162F0101,25122,0,2.3625,2021-03-26 00:00:00,
06162F0101,03552,510,0.08,2020-12-31 15:27:03,
06162F0101,03519,20,1.776375,2021-09-21 00:00:00,
06162F0101,03576,1,0.386667,2021-04-30 00:00:00,
06162F0101,03595,105,0.277699,2021-07-30 00:00:00,
06162F0101,24068,40,0.5625,2021-10-26 00:00:00,
06162F0101,24276,36,0.66375,2021-10-26 00:00:00,
06162F0101,03708,163,0.064184,2021-09-25 00:00:00,
06162F0101,03703,5,3.2,2020-12-31 15:27:03,
06162F0101,03710,3,0.170939,2021-09-25 00:00:00,
06162F0101,03713,351,0.03417,2021-03-26 00:00:00,
06162F0101,39096,0,1.6,2020-12-31 15:27:03,
06162F0101,29405,0,2.0,2020-12-31 15:27:03,
06162F0101,26412,0,2.75,2020-12-31 15:27:03,
06162F0101,19918,500,1.0,2020-12-31 15:27:03,
06162F0101,30498,59,28.680723,2021-02-27 00:00:00,
06162F0101,03751,92,0.325927,2021-12-22 00:00:00,
06162F0101,03747,247,0.328785,2021-11-25 00:00:00,
06162F0101,03758,320,0.04723,2021-12-18 00:00:00,
06162F0101,11192,3222,0.4,2021-12-18 00:00:00,
06162F0101,41485,0,1.25,2020-12-31 15:27:03,
06162F0101,41488,0,1.25,2020-12-31 15:27:03,
06162F0101,23112,4600,0.731323,2021-12-18 00:00:00,
06162F0101,25008,0,0.160313,2021-02-27 00:00:00,
06162F0101,16569,201,1.110448,2021-02-27 00:00:00,
06162F0101,16570,1716,0.832984,2021-12-18 00:00:00,
06162F0101,16571,995,0.750035,2021-12-28 00:00:00,
06162F0101,16572,619,1.016337,2021-12-18 00:00:00,
06162F0101,03894,6,10.12,2021-07-30 00:00:00,
06162F0101,03921,140,0.03,2021-12-28 00:00:00,
06162F0101,03944,14,4.395509,2021-10-26 00:00:00,
06162F0101,26362,13,2.771186,2021-07-30 00:00:00,
06162F0101,16597,0,0.27,2020-12-31 15:27:03,
06162F0101,16599,124,0.245236,2021-10-26 00:00:00,
06162F0101,16602,2,0.236841,2021-11-25 00:00:00,
06162F0101,04024,0,0.8,2020-12-31 15:27:03,
06162F0101,04034,7542,0.0689,2021-11-25 00:00:00,
06162F0101,18057,90,7.98051,2021-06-23 00:00:00,
06162F0101,11338,11,36.25,2020-12-31 15:27:03,
06162F0101,36271,151,0.879782,2021-03-03 00:00:00,
06162F0101,16656,1199,0.2,2020-12-31 15:27:03,
06162F0101,11368,4359,0.232748,2021-11-25 00:00:00,
06162F0101,11369,1190,0.34,2021-12-22 00:00:00,
06162F0101,16657,548,0.15,2020-12-31 15:27:03,
06162F0101,17563,151,0.145,2021-03-31 00:00:00,
06162F0101,11370,1764,0.191526,2021-11-25 00:00:00,
06162F0101,04291,21,8.29521,2021-12-28 00:00:00,
06162F0101,41694,200,0.58,2020-12-31 15:27:03,
06162F0101,26631,23,14.13,2020-12-31 15:27:03,
06162F0101,23438,10,1.125,2021-09-25 00:00:00,
06162F0101,04415,11,1.971053,2021-10-26 00:00:00,
06162F0101,04390,253,1.047164,2021-12-22 00:00:00,
06162F0101,20361,5,2.216136,2021-09-25 00:00:00,
06162F0101,04514,0,0.0315,2021-10-26 00:00:00,
06162F0101,04523,110,0.10125,2021-11-25 00:00:00,
06162F0101,04556,6,2.41875,2021-12-18 00:00:00,
06162F0101,35343,130,11.25,2021-10-18 00:00:00,
06162F0101,29965,0,11.25,2020-12-31 15:27:03,
06162F0101,19491,0,21.88,2020-12-31 15:27:03,
06162F0101,19492,960,13.3875,2021-12-22 00:00:00,
06162F0101,36965,0,12.5,2020-12-31 15:27:03,
06162F0101,31907,21,4.44,2020-12-31 15:27:03,
06162F0101,16766,1,4.24,2020-12-31 15:27:03,
06162F0101,16767,12,6.07,2020-12-31 15:27:03,
06162F0101,16774,343,5.25,2020-12-31 15:27:03,
06162F0101,16776,71,2.8,2020-12-31 15:27:03,
06162F0101,11464,24,4.62,2020-12-31 15:27:03,
06162F0101,19030,0,7.43,2020-12-31 15:27:03,
06162F0101,23127,3421,1.70051,2021-12-18 00:00:00,
06162F0101,29849,450,8.4375,2021-12-18 00:00:00,
06162F0101,04585,70,0.08581,2021-09-25 00:00:00,
06162F0101,04582,0,1.515789,2021-02-27 00:00:00,
06162F0101,04677,2916,0.163889,2021-12-22 00:00:00,
06162F0101,04696,1780,0.07875,2021-12-18 00:00:00,
06162F0101,04752,0,0.068906,2021-05-25 00:00:00,
06162F0101,04743,0,0.229229,2021-04-30 00:00:00,
06162F0101,04794,13,3.5,2020-12-31 15:27:03,
06162F0101,04805,576,0.062887,2021-10-26 00:00:00,
06162F0101,18511,3,5.88,2020-12-31 15:27:03,
06162F0101,04847,0,1.62,2020-12-31 15:27:03,
06162F0101,04922,0,13.0,2020-12-31 15:27:03,
06162F0101,04982,3466,0.190125,2021-11-25 00:00:00,
06162F0101,05021,50,0.765,2021-07-30 00:00:00,
06162F0101,05018,30,0.979305,2021-09-21 00:00:00,
06162F0101,05103,132,0.158869,2021-10-26 00:00:00,
06162F0101,35040,169,0.073707,2021-09-25 00:00:00,
06162F0101,05166,30,1.29375,2021-09-25 00:00:00,
06162F0101,08140,0,15.0,2020-12-31 15:27:03,
06162F0101,43866,0,24.88,2020-12-31 15:27:03,
06162F0101,30587,0,6.23,2020-12-31 15:27:03,
06162F0101,05281,0,1.0,2020-12-31 15:27:03,
06162F0101,05285,14,1.96875,2021-05-25 00:00:00,
06162F0101,05309,15,1.415227,2021-10-26 00:00:00,
06162F0101,05335,9957,0.038928,2021-11-25 00:00:00,
06162F0101,05384,7,9.932727,2021-07-30 00:00:00,
06162F0101,05588,611,0.129766,2021-11-29 00:00:00,
06162F0101,05589,190,0.05,2020-12-31 15:27:03,
06162F0101,05586,0,5.5,2020-12-31 15:27:03,
06162F0101,05590,381,0.19269,2021-09-21 00:00:00,
06162F0101,05634,0,0.11,2020-12-31 15:27:03,
06162F0101,30142,0,17.25,2020-12-31 15:27:03,
06162F0101,43879,0,28.75,2020-12-31 15:27:03,
06162F0101,05658,995,0.151885,2021-11-25 00:00:00,
06162F0101,05661,626,0.076428,2021-11-25 00:00:00,
06162F0101,05731,98,4.291305,2021-12-22 00:00:00,
06162F0101,19723,0,3.26,2021-09-25 00:00:00,
06162F0101,20036,185,1.09125,2021-11-25 00:00:00,
06162F0101,02922,42,2.3625,2021-12-28 00:00:00,
06162F0101,05889,3,0.337237,2021-12-18 00:00:00,
06162F0101,05873,169,2.252802,2021-11-25 00:00:00,
06162F0101,05872,0,0.6,2020-12-31 15:27:03,
06162F0101,05884,0,2.747857,2021-07-30 00:00:00,
06162F0101,05598,74,3.2,2020-12-31 15:27:03,
06162F0101,11849,2,1.37,2020-12-31 15:27:03,
06162F0101,11850,16,1.1,2020-12-31 15:27:03,
06162F0101,11861,2,1.18,2020-12-31 15:27:03,
06162F0101,17074,25,2.0,2020-12-31 15:27:03,
06162F0101,17075,11,1.97,2020-12-31 15:27:03,
06162F0101,17071,45,2.0,2020-12-31 15:27:03,
06162F0101,17029,6,2.172222,2021-03-26 00:00:00,
06162F0101,17030,9,2.3,2020-12-31 15:27:03,
06162F0101,17083,99,0.9,2020-12-31 15:27:03,
06162F0101,08172,5,84.96,2021-04-05 00:00:00,
06162F0101,05964,73,3.822941,2021-11-25 00:00:00,
06162F0101,05986,11,1.098206,2021-05-25 00:00:00,
06162F0101,06002,100,0.072,2021-10-26 00:00:00,
06162F0101,03515,1425,0.14553,2021-12-22 00:00:00,
06162F0101,43898,0,2.2,2020-12-31 15:27:03,
06162F0101,18886,0,3.13,2020-12-31 15:27:03,
06162F0101,12024,0,3.13,2020-12-31 15:27:03,
06162F0101,12030,0,3.13,2020-12-31 15:27:03,
06162F0101,12403,66,2.822931,2021-11-25 00:00:00,
06162F0101,12417,32,3.31875,2021-11-25 00:00:00,
06162F0101,18694,20,3.348,2021-10-26 00:00:00,
06162F0101,12427,110,2.941565,2021-11-25 00:00:00,
06162F0101,18698,56,2.87,2020-12-31 15:27:03,
06162F0101,12490,0,2.246961,2021-02-27 00:00:00,
06162F0101,12491,1,2.103854,2021-08-21 00:00:00,
06162F0101,06239,0,0.376113,2021-07-30 00:00:00,
06162F0101,06291,3,6.2,2020-12-31 15:27:03,
06162F0101,22775,1,5.13,2020-12-31 15:27:03,
06162F0101,22365,1,5.13,2020-12-31 15:27:03,
06162F0101,22252,1,5.13,2020-12-31 15:27:03,
06162F0101,12703,2,4.0,2020-12-31 15:27:03,
06162F0101,24090,0,49.363807,2020-12-31 15:27:03,
06162F0101,06432,20,4.544039,2021-02-01 00:00:00,
06162F0101,12805,0,1.21,2020-12-31 15:27:03,
06162F0101,12806,0,1.42,2021-03-26 00:00:00,
06162F0101,12808,0,2.08,2020-12-31 15:27:03,
06162F0101,06519,2,2.2,2020-12-31 15:27:03,
06162F0101,05253,5,0.38,2021-12-08 00:00:00,
06162F0101,45236,0,85.800828,2021-03-24 00:00:00,
06162F0101,32864,8,72.0,2021-06-23 00:00:00,
06162F0101,19166,2,42.75,2021-12-18 00:00:00,
06162F0101,45221,2800,32.55,2021-12-18 00:00:00,
06162F0101,05856,0,0.68796,2021-02-27 00:00:00,
06162F0101,06517,2,15.75,2021-02-27 00:00:00,
06162F0101,23370,109,81.0,2021-04-16 00:00:00,
06162F0101,06111,6,6.07,2021-02-27 00:00:00,
06162F0101,38955,0,12.08025,2021-07-30 00:00:00,
06162F0101,43121,4,146.25,2021-06-23 00:00:00,
06162F0101,43815,0,15.525,2021-02-27 00:00:00,
06162F0101,45939,0,5.625,2021-07-30 00:00:00,
06162F0101,00904,490,0.077625,2021-11-25 00:00:00,
06162F0101,01467,0,0.88641,2021-02-27 00:00:00,
06162F0101,05551,13,0.249575,2021-09-25 00:00:00,
06162F0101,16737,5,0.54,2021-06-23 00:00:00,
06162F0101,30003,0,8.4375,2021-03-10 00:00:00,
06162F0101,28250,1,65.8125,2021-03-24 00:00:00,
06162F0101,08054,20,0.15001,2021-03-24 00:00:00,
06162F0101,22211,2,107.7294,2021-03-24 00:00:00,
06162F0101,38680,3,2.25,2021-03-24 00:00:00,
06162F0101,44390,0,11.72,2021-09-21 00:00:00,
06162F0101,13006,112,38.3659,2021-03-31 00:00:00,
06162F0101,30147,112,0.01,2021-03-31 00:00:00,
06162F0101,22713,212,9.7425,2021-06-24 00:00:00,
06162F0101,17705,30,1.569,2021-06-23 00:00:00,
06162F0101,37326,0,0.225,2021-08-27 00:00:00,
06162F0101,10299,0,4.05,2021-07-30 00:00:00,
06162F0101,16310,200,0.43875,2021-07-30 00:00:00,
06162F0101,18512,250,0.57,2021-07-30 00:00:00,
06162F0101,19724,7,21.375,2021-07-30 00:00:00,
06162F0101,26869,5,21.375,2021-07-30 00:00:00,
06162F0101,27731,0,81.0,2021-07-30 00:00:00,
06162F0101,31335,40,9.0,2021-07-30 00:00:00,
06162F0101,36691,85,5.06,2021-07-30 00:00:00,
06162F0101,37467,100,6.84,2021-07-30 00:00:00,
06162F0101,01043,102,0.495,2021-11-25 00:00:00,
06162F0101,25009,1200,0.73125,2021-08-27 00:00:00,
06162F0101,47270,125,4.28,2021-08-27 00:00:00,
06162F0101,26750,200,7.00875,2021-08-27 00:00:00,
06162F0101,01029,299,0.36225,2021-11-25 00:00:00,
06162F0101,02354,35,0.390485,2021-09-25 00:00:00,
06162F0101,04511,5,1.141762,2021-09-25 00:00:00,
,,0,0.0,2021-10-13 16:25:03.999000,
06162F0101,11198,0,54.495,2021-10-29 00:00:00,
06162F0101,23113,1,60.0,2021-11-04 11:58:01,
06162F0101,47028,34,7.73,2021-11-12 00:00:00,
06162F0101,12795,25,5.0625,2021-12-22 00:00:00,
06162F0101,01684,187,0.765,2021-12-28 00:00:00,
06162F0101,00143,352,0.152332,2022-12-28 00:00:00,
06162F0101,00356,160,0.142918,2022-10-24 00:00:00,
06162F0101,03513,260,0.15,2021-12-31 10:31:42,
06162F0101,36412,18,6.525,2022-10-24 00:00:00,
06162F0101,36413,16,6.279025,2022-12-21 00:00:00,
06162F0101,08008,347,0.24,2022-12-26 00:00:00,
06162F0101,10148,245,0.105566,2022-10-24 00:00:00,
06162F0101,10151,1604,0.083933,2022-12-21 00:00:00,
06162F0101,10155,3134,0.083641,2022-12-21 00:00:00,
06162F0101,10158,225,0.087486,2022-12-21 00:00:00,
06162F0101,00259,19,1.298262,2022-09-23 00:00:00,
06162F0101,10222,0,1.06,2021-12-31 10:31:42,
06162F0101,35125,0,9.854205,2022-05-17 00:00:00,
06162F0101,10230,0,7.185,2022-05-26 00:00:00,
06162F0101,10246,7,1.3609,2022-09-23 00:00:00,
06162F0101,10249,90,14.196038,2022-05-31 00:00:00,
06162F0101,00393,228,0.029,2022-12-21 00:00:00,
06162F0101,18091,0,2.387268,2022-02-11 00:00:00,
06162F0101,00627,14,1.010536,2022-10-24 00:00:00,
06162F0101,00673,430,0.054116,2022-12-28 00:00:00,
06162F0101,00725,23,8.5,2022-12-21 00:00:00,
06162F0101,00750,0,0.318279,2022-10-31 00:00:00,
06162F0101,00794,32,1.498017,2022-12-21 00:00:00,
06162F0101,00900,110,0.07,2021-12-31 10:31:42,
06162F0101,00904,1085,0.135731,2022-12-21 00:00:00,
06162F0101,00910,262,0.35,2021-12-31 10:31:42,
06162F0101,00939,0,3.952912,2022-07-19 00:00:00,
06162F0101,00946,0,1.0,2021-12-31 10:31:42,
06162F0101,00947,239,0.392463,2022-11-28 00:00:00,
06162F0101,19724,0,23.75,2021-12-31 10:31:42,
06162F0101,26869,0,23.75,2021-12-31 10:31:42,
06162F0101,01009,17,8.16232,2022-10-24 00:00:00,
06162F0101,01029,0,0.36225,2022-08-22 00:00:00,
06162F0101,01043,227,0.48396,2022-11-28 00:00:00,
06162F0101,01053,22,2.4,2021-12-31 10:31:42,
06162F0101,01205,82,1.094619,2022-12-21 00:00:00,
06162F0101,01256,0,6.88,2021-12-31 10:31:42,
06162F0101,10355,20,0.420375,2022-12-21 00:00:00,
06162F0101,10363,0,4.13,2021-12-31 10:31:42,
06162F0101,15288,1,0.216,2022-11-30 00:00:00,
06162F0101,15287,1,1.216,2022-11-30 00:00:00,
06162F0101,01378,0,2.4,2021-12-31 10:31:42,
06162F0101,29817,247,7.272476,2022-12-21 00:00:00,
06162F0101,01503,290,0.113896,2022-07-25 00:00:00,
06162F0101,37467,80,7.22,2022-10-24 00:00:00,
06162F0101,15334,0,4.88,2021-12-31 10:31:42,
06162F0101,15336,0,2.66,2021-12-31 10:31:42,
06162F0101,10419,6,1.38,2021-12-31 10:31:42,
06162F0101,01522,3186,0.025913,2022-12-21 00:00:00,
06162F0101,19421,29,0.564108,2022-11-28 00:00:00,
06162F0101,22256,114,0.742927,2022-11-30 00:00:00,
06162F0101,10477,204,0.788562,2022-12-21 00:00:00,
06162F0101,10482,1,0.613024,2022-11-23 00:00:00,
06162F0101,18156,19,1.297463,2022-05-24 00:00:00,
06162F0101,18158,368,1.176017,2022-12-21 00:00:00,
06162F0101,01684,0,0.85,2021-12-31 10:31:42,
06162F0101,01711,1635,0.945124,2022-12-21 00:00:00,
06162F0101,01846,2055,0.16,2022-11-28 00:00:00,
06162F0101,01930,230,0.6,2022-12-26 00:00:00,
06162F0101,01964,569,0.48,2022-12-21 00:00:00,
06162F0101,01958,0,1.25,2022-10-24 00:00:00,
06162F0101,01973,18,1.08,2022-06-29 00:00:00,
06162F0101,02128,984,0.316897,2022-12-29 00:00:00,
06162F0101,02132,29,1.066558,2022-11-28 00:00:00,
06162F0101,02149,6850,0.030628,2022-12-21 00:00:00,
06162F0101,43121,12,104.429348,2022-10-17 00:00:00,
06162F0101,02319,181,0.897824,2022-12-21 00:00:00,
06162F0101,02354,45,0.493387,2022-09-23 00:00:00,
06162F0101,28800,50,11.0,2022-12-21 00:00:00,
06162F0101,19677,20,6.075,2022-10-24 00:00:00,
06162F0101,36691,30,5.63,2021-12-31 10:31:42,
06162F0101,29804,0,87.5,2021-12-31 10:31:42,
06162F0101,02657,158,0.095,2022-11-28 00:00:00,
06162F0101,02654,69,0.026516,2022-10-24 00:00:00,
06162F0101,02642,2390,0.123181,2022-12-21 00:00:00,
06162F0101,02724,0,2.82,2022-11-23 00:00:00,
06162F0101,03783,0,2.892179,2022-05-24 00:00:00,
06162F0101,03789,1,2.912914,2022-11-28 00:00:00,
06162F0101,02754,73,0.10125,2022-06-29 00:00:00,
06162F0101,02752,110,0.345574,2022-12-21 00:00:00,
06162F0101,02788,1390,0.116409,2022-11-28 00:00:00,
06162F0101,02826,0,6.0,2021-12-31 10:31:42,
06162F0101,02830,26,2.541092,2022-12-21 00:00:00,
06162F0101,02836,4673,0.22048,2022-10-24 00:00:00,
06162F0101,30147,0,0.0125,2021-12-31 10:31:42,
06162F0101,02884,1060,0.874202,2022-11-28 00:00:00,
06162F0101,02891,1627,0.07201,2022-12-28 00:00:00,
06162F0101,02954,54,0.35,2021-12-31 10:31:42,
06162F0101,03018,135,0.081063,2022-11-28 00:00:00,
06162F0101,16310,0,0.49,2021-12-31 10:31:42,
06162F0101,03078,380,0.034421,2022-09-16 00:00:00,
06162F0101,03080,450,0.039308,2022-10-24 00:00:00,
06162F0101,22405,52,0.19,2021-12-31 10:31:42,
06162F0101,03097,38,0.380184,2022-10-24 00:00:00,
06162F0101,10929,527,1.009164,2022-12-21 00:00:00,
06162F0101,28395,47,2.493729,2022-06-29 00:00:00,
06162F0101,03182,14,3.398675,2022-06-29 00:00:00,
06162F0101,03215,1267,0.255889,2022-11-28 00:00:00,
06162F0101,03213,1442,0.65181,2022-12-21 00:00:00,
06162F0101,22713,155,9.182143,2022-05-17 00:00:00,
06162F0101,03552,250,0.07,2022-12-29 00:00:00,
06162F0101,03519,20,1.97,2021-12-31 10:31:42,
06162F0101,03576,29,0.372759,2022-10-31 00:00:00,
06162F0101,03595,294,0.250572,2022-12-21 00:00:00,
06162F0101,24068,0,0.597857,2022-02-11 00:00:00,
06162F0101,24276,0,0.66375,2022-06-29 00:00:00,
06162F0101,03708,10,0.058569,2022-11-28 00:00:00,
06162F0101,03703,12,2.56,2022-11-28 00:00:00,
06162F0101,03710,48,0.375569,2022-12-21 00:00:00,
06162F0101,03713,76,0.052572,2022-08-22 00:00:00,
06162F0101,19918,10,0.9,2022-06-29 00:00:00,
06162F0101,23370,70,90.0,2021-12-31 10:31:42,
06162F0101,30498,50,8.33625,2022-05-31 00:00:00,
06162F0101,19166,2,47.5,2021-12-31 10:31:42,
06162F0101,03751,0,0.295098,2022-11-28 00:00:00,
06162F0101,03747,0,0.327967,2022-10-24 00:00:00,
06162F0101,03758,640,0.044998,2022-08-17 00:00:00,
06162F0101,11192,6885,0.422736,2022-12-16 00:00:00,
06162F0101,23113,0,54.0,2022-05-19 00:00:00,
06162F0101,25009,6100,0.557188,2022-09-12 00:00:00,
06162F0101,23112,15000,0.327542,2022-12-21 00:00:00,
06162F0101,16569,112,0.917821,2022-11-30 00:00:00,
06162F0101,16570,797,0.9,2021-12-31 10:31:42,
06162F0101,16571,933,1.126838,2022-12-21 00:00:00,
06162F0101,16572,137,1.1,2021-12-31 10:31:42,
06162F0101,03894,6,11.25,2021-12-31 10:31:42,
06162F0101,03921,159,0.068067,2022-12-21 00:00:00,
06162F0101,03944,2,4.349475,2022-07-22 00:00:00,
06162F0101,26362,46,2.547209,2022-11-28 00:00:00,
06162F0101,16599,146,0.233526,2022-12-21 00:00:00,
06162F0101,16602,0,0.23625,2022-06-29 00:00:00,
06162F0101,04034,895,0.080528,2022-11-28 00:00:00,
06162F0101,18057,0,8.154643,2022-01-20 00:00:00,
06162F0101,11338,0,32.625,2022-05-31 00:00:00,
06162F0101,36271,644,0.8148,2022-11-30 00:00:00,
06162F0101,16656,211,0.2,2021-12-31 10:31:42,
06162F0101,11368,5382,0.249729,2022-12-21 00:00:00,
06162F0101,11369,4347,0.34,2022-10-28 00:00:00,
06162F0101,16657,1131,0.130156,2022-05-24 00:00:00,
06162F0101,17563,16,0.145,2021-12-31 10:31:42,
06162F0101,11370,2242,0.172081,2022-12-21 00:00:00,
06162F0101,04291,27,7.834365,2022-12-21 00:00:00,
06162F0101,41694,800,0.58,2022-12-28 00:00:00,
06162F0101,26631,0,14.13,2021-12-31 10:31:42,
06162F0101,38680,3,2.5,2021-12-31 10:31:42,
06162F0101,23438,34,1.125,2022-10-31 00:00:00,
06162F0101,04415,1,1.97,2022-09-23 00:00:00,
06162F0101,04390,349,0.964244,2022-12-21 00:00:00,
06162F0101,31335,0,10.0,2021-12-31 10:31:42,
06162F0101,20361,3,2.196781,2022-09-23 00:00:00,
06162F0101,16737,0,0.6,2021-12-31 10:31:42,
06162F0101,04511,6,1.0149,2022-11-18 00:00:00,
06162F0101,04523,455,0.075056,2022-11-28 00:00:00,
06162F0101,04556,8,0.945,2022-09-30 00:00:00,
06162F0101,35343,206,5.214391,2022-09-12 00:00:00,
06162F0101,19492,2742,3.419347,2022-12-16 00:00:00,
06162F0101,31907,8,4.44,2021-12-31 10:31:42,
06162F0101,16766,0,4.24,2021-12-31 10:31:42,
06162F0101,16767,6,6.07,2021-12-31 10:31:42,
06162F0101,16774,18,5.25,2021-12-31 10:31:42,
06162F0101,16776,39,2.8,2021-12-31 10:31:42,
06162F0101,11464,11,4.62,2021-12-31 10:31:42,
06162F0101,23127,7173,0.242943,2022-12-16 00:00:00,
06162F0101,29849,1340,3.19,2022-11-25 00:00:00,
06162F0101,04585,20,0.078,2022-11-18 00:00:00,
06162F0101,26750,595,7.01,2022-06-16 00:00:00,
06162F0101,04677,4185,0.151897,2022-12-21 00:00:00,
06162F0101,04696,1430,0.07,2022-12-21 00:00:00,
06162F0101,04794,6,3.325,2022-10-24 00:00:00,
06162F0101,04805,376,0.07,2021-12-31 10:31:42,
06162F0101,18511,0,5.88,2021-12-31 10:31:42,
06162F0101,04982,7030,0.228218,2022-12-29 00:00:00,
06162F0101,05021,99,0.793333,2022-02-11 00:00:00,
06162F0101,05018,20,0.73,2022-12-26 00:00:00,
06162F0101,05103,560,0.58,2022-12-21 00:00:00,
06162F0101,35040,2545,0.059935,2022-12-21 00:00:00,
06162F0101,05166,944,0.754032,2022-11-28 00:00:00,
06162F0101,05253,23,0.371304,2022-10-24 00:00:00,
06162F0101,18512,0,0.57,2022-06-30 00:00:00,
06162F0101,32864,0,80.0,2021-12-31 10:31:42,
06162F0101,47270,0,4.75,2021-12-31 10:31:42,
06162F0101,05285,0,2.1,2021-12-31 10:31:42,
06162F0101,05309,47,1.298631,2022-12-21 00:00:00,
06162F0101,05335,25031,0.04601,2022-12-29 00:00:00,
06162F0101,05384,7,11.099707,2022-12-21 00:00:00,
06162F0101,05551,18,0.235804,2022-12-21 00:00:00,
06162F0101,05588,897,0.104,2022-12-21 00:00:00,
06162F0101,05589,0,0.046577,2022-05-24 00:00:00,
06162F0101,05590,153,0.169691,2022-12-21 00:00:00,
06162F0101,08054,20,0.15001,2021-12-31 10:31:42,
06162F0101,45221,847,35.312353,2022-03-31 00:00:00,
06162F0101,28250,0,65.817,2022-10-19 00:00:00,
06162F0101,22211,0,48.68,2021-12-31 10:31:42,
06162F0101,17705,30,1.569,2021-12-31 10:31:42,
06162F0101,05658,1024,0.142101,2022-12-21 00:00:00,
06162F0101,05661,950,0.190569,2022-12-21 00:00:00,
06162F0101,47028,500,1.97,2022-12-16 00:00:00,
06162F0101,05731,234,3.794286,2022-12-21 00:00:00,
06162F0101,20036,324,1.043798,2022-12-21 00:00:00,
06162F0101,02922,6,2.315215,2022-10-24 00:00:00,
06162F0101,05889,3,0.337742,2022-07-19 00:00:00,
06162F0101,05873,196,2.111444,2022-12-21 00:00:00,
06162F0101,05598,29,3.051934,2022-12-21 00:00:00,
06162F0101,11849,2,1.37,2021-12-31 10:31:42,
06162F0101,11850,0,1.1,2021-12-31 10:31:42,
06162F0101,11861,0,1.18,2021-12-31 10:31:42,
06162F0101,17074,16,2.0,2021-12-31 10:31:42,
06162F0101,17075,4,1.903333,2022-09-23 00:00:00,
06162F0101,17071,3,1.8,2022-05-24 00:00:00,
06162F0101,17029,3,2.07,2022-10-24 00:00:00,
06162F0101,17030,0,2.3,2021-12-31 10:31:42,
06162F0101,17083,5,0.8484,2022-09-23 00:00:00,
06162F0101,08172,4,84.96,2021-12-31 10:31:42,
06162F0101,05964,16,3.872951,2022-06-29 00:00:00,
06162F0101,05986,13,0.909177,2022-12-21 00:00:00,
06162F0101,06002,101,0.071345,2022-12-21 00:00:00,
06162F0101,03515,2477,0.128652,2022-12-21 00:00:00,
06162F0101,12403,0,2.504,2022-11-28 00:00:00,
06162F0101,12417,0,3.31875,2022-04-29 00:00:00,
06162F0101,18694,0,2.976,2022-11-25 00:00:00,
06162F0101,12427,49,2.659596,2022-11-28 00:00:00,
06162F0101,18698,15,2.43059,2022-11-28 00:00:00,
06162F0101,12491,0,2.109512,2022-02-25 00:00:00,
06162F0101,06111,8,13.0,2022-11-30 00:00:00,
06162F0101,06291,1,5.58,2022-05-24 00:00:00,
06162F0101,22775,1,5.13,2021-12-31 10:31:42,
06162F0101,22365,1,5.13,2021-12-31 10:31:42,
06162F0101,22252,1,5.13,2021-12-31 10:31:42,
06162F0101,12703,0,3.2,2022-11-30 00:00:00,
06162F0101,13006,0,47.957375,2021-12-31 10:31:42,
06162F0101,06432,45,4.544039,2022-08-19 00:00:00,
06162F0101,12795,48,4.616944,2022-11-23 00:00:00,
06162F0101,06519,4,2.106638,2022-09-23 00:00:00,
06162F0102,25146,0,0.07,2021-12-31 10:32:30.999000,
06162F0101,25008,2500,0.2491,2022-12-16 00:00:00,
06162F0101,00091,393,0.024054,2022-09-23 00:00:00,
06162F0101,04024,50,0.676628,2022-12-21 00:00:00,
06162F0101,25146,0,0.063,2022-01-20 00:00:00,
06162F0102,45221,0,36.62,2022-01-20 00:00:00,
06162F0101,04743,126,0.229229,2022-06-29 00:00:00,
06162F0101,18048,13,2.278286,2022-10-24 00:00:00,
06162F0101,05872,217,0.509015,2022-12-21 00:00:00,
06162F0101,06517,16,14.765625,2022-12-21 00:00:00,
06162F0101,00671,970,0.038253,2022-12-21 00:00:00,
06162F0101,01467,4,0.88641,2022-04-20 00:00:00,
06162F0101,03787,292,0.432303,2022-12-21 00:00:00,
06162F0101,03191,190,0.474106,2022-12-21 00:00:00,
06162F0101,04922,0,12.73,2022-06-29 00:00:00,
06162F0101,05586,8,5.253545,2022-05-24 00:00:00,
06162F0101,05634,50,0.1,2022-02-11 00:00:00,
06162F0101,16597,87,0.224972,2022-11-28 00:00:00,
06162F0101,19723,7,3.248,2022-10-24 00:00:00,
06162F0101,25122,55,2.623864,2022-12-21 00:00:00,
06162F0101,29405,224,1.6,2022-12-21 00:00:00,
06162F0101,34952,136,0.783286,2022-12-21 00:00:00,
06162F0101,06485,0,0.21375,2022-02-11 00:00:00,
06162F0101,12798,29,7.4,2022-11-28 00:00:00,
06162F0101,12805,103,1.025316,2022-11-28 00:00:00,
06162F0101,12806,80,1.385574,2022-12-21 00:00:00,
06162F0101,12808,0,1.87,2022-08-22 00:00:00,
06162F0101,18886,10,2.8125,2022-06-29 00:00:00,
06162F0101,25036,0,14.499,2022-02-11 00:00:00,
06162F0102,05335,0,0.02025,2022-02-11 00:00:00,
06162F0101,35515,1000,0.675,2022-07-19 00:00:00,
06162F0101,38955,0,5.358434,2022-07-22 00:00:00,
06162F0101,06239,439,0.28125,2022-09-23 00:00:00,
06162F0101,00808,4641,0.1299,2022-10-31 00:00:00,
06162F0101,10384,0,1.28,2022-02-25 00:00:00,
06162F0101,37326,0,0.225,2022-02-25 00:00:00,
06162F0101,41485,800,0.838125,2022-05-26 00:00:00,
06162F0101,31100,49,6.93,2022-03-25 00:00:00,
06162F0101,01628,7,4.5,2022-11-28 00:00:00,
06162F0101,04752,215,0.068036,2022-11-30 00:00:00,
06162F0101,10554,2,0.27,2022-03-23 00:00:00,
06162F0101,00830,2,0.938578,2022-05-24 00:00:00,
06162F0101,01636,329,0.265,2022-12-26 00:00:00,
06162F0101,05281,29,0.8,2022-12-21 00:00:00,
06162F0101,04514,0,0.029999,2022-09-23 00:00:00,
,,0,0.0,2022-03-31 18:25:34,
06162F0101,03139,5,0.525146,2022-06-29 00:00:00,
06162F0101,30588,229,0.529089,2022-11-18 00:00:00,
06162F0101,04701,10,0.218995,2022-04-29 00:00:00,
06162F0101,05167,0,0.34,2022-11-18 00:00:00,
06162F0101,12024,0,2.8125,2022-10-24 00:00:00,
06162F0101,00903,525,0.049387,2022-09-23 00:00:00,
06162F0101,43815,154,15.628184,2022-10-17 00:00:00,
06162F0101,34265,1,280.0,2022-11-18 00:00:00,
06162F0101,24090,121,64.690084,2022-11-30 00:00:00,
06162F0101,19491,0,19.6875,2022-06-22 00:00:00,
06162F0101,44250,0,5.06,2022-06-15 00:00:00,
06162F0101,04582,6,3.20625,2022-06-29 00:00:00,
06162F0101,12030,5,2.8125,2022-09-23 00:00:00,
06162F0101,43866,295,21.628579,2022-12-16 00:00:00,
06162F0101,18726,0,0.18,2022-09-12 00:00:00,
06162F0101,18931,3737,0.49377,2022-11-18 00:00:00,
06162F0101,04365,0,0.253743,2022-07-22 00:00:00,
06162F0101,05884,0,3.375,2022-07-27 00:00:00,
06162F0101,04847,6,1.458,2022-07-27 00:00:00,
06162F0101,01639,21,2.421429,2022-09-23 00:00:00,
06162F0101,00269,32,0.239063,2022-08-22 00:00:00,
06162F0101,32905,0,38.25,2022-08-22 00:00:00,
06162F0101,42003,2,47.8125,2022-12-21 00:00:00,
06162F0101,01705,13,18.061538,2022-12-21 00:00:00,
06162F0101,45939,0,5.625,2022-09-12 00:00:00,
06162F0101,37403,100,17.94375,2022-09-12 00:00:00,
06162F0101,33271,25,2.78,2022-09-14 00:00:00,
06162F0101,02641,0,0.279,2022-09-26 00:00:00,
06162F0101,39992,30,1.46,2022-10-17 00:00:00,
06162F0101,11063,250,0.33866,2022-12-21 00:00:00,
06162F0101,22308,1,226.125,2022-10-17 00:00:00,
06162F0101,29692,40,31.5,2022-10-17 00:00:00,
06162F0101,10001,4,28.6875,2022-12-21 00:00:00,
06162F0101,10318,1,20.25,2022-10-17 00:00:00,
06162F0101,10749,1,49.5,2022-10-17 00:00:00,
06162F0101,10750,1,47.25,2022-10-17 00:00:00,
06162F0101,11263,1,7.3125,2022-10-17 00:00:00,
06162F0101,11446,2,16.46875,2022-12-21 00:00:00,
06162F0101,12756,1,16.875,2022-10-17 00:00:00,
06162F0101,22901,1,34.875,2022-10-17 00:00:00,
06162F0101,32560,1,19.6875,2022-10-17 00:00:00,
06162F0101,26412,53,2.475,2022-10-24 00:00:00,
06162F0101,31353,12,8.276667,2022-11-18 00:00:00,
06162F0101,15047,97,0.38,2022-10-24 00:00:00,
06162F0101,24072,93,0.394,2022-10-31 00:00:00,
06162F0101,10221,114,10.125,2022-10-31 00:00:00,
06162F0101,27731,1,88.0,2022-11-18 00:00:00,
06162F0101,20455,3,24.8,2022-11-25 00:00:00,
06162F0101,22736,0,1.39,2022-11-25 00:00:00,
06162F0101,28746,0,3.65,2022-11-25 00:00:00,
06162F0101,31904,1,152.0,2022-11-25 00:00:00,
06162F0101,26751,2,150.0,2022-11-25 00:00:00,
06162F0101,11006,6,13.0,2022-11-25 00:00:00,
06162F0101,41842,30,0.7963,2022-11-25 00:00:00,
06162F0101,39096,70,1.28,2022-11-28 00:00:00,
06162F0101,11498,1,3.3,2022-11-30 00:00:00,
06162F0101,12520,600,0.69,2022-12-21 00:00:00,
06162F0101,24334,6,3.45,2022-12-21 00:00:00,
06162F0101,41488,1000,1.0,2022-12-21 00:00:00,
06162F0101,31074,4,8.23,2022-12-21 00:00:00,
06162F0101,31841,500,34.8,2022-12-21 00:00:00,
06162F0101,35342,1,42.0,2022-12-21 00:00:00,
06162F0101,24760,2590,0.21,2022-12-21 00:00:00,
06162F0101,10545,6,7.8,2022-12-23 00:00:00,
06162F0101,11048,4,20.0,2022-12-23 00:00:00,
06162F0101,32439,3,6.0,2022-12-23 00:00:00,
06162F0101,44800,3,34.93,2022-12-26 00:00:00,
06162F0101,36873,5,78.7,2022-12-26 00:00:00,
06162F0101,20479,22,15.3,2022-12-28 00:00:00,
06162F0101,32537,5,73.39,2022-12-28 00:00:00,
06162F0101,23141,4,31.0,2022-12-28 00:00:00,
06162F0101,10001,5,52.0,2023-08-23 16:39:13,1
06162F0101,00143,735,0.119,2023-12-30 09:35:21,1
06162F0101,00091,0,0.0275,2023-10-26 18:28:11.999000,1
06162F0101,00356,239,0.85,2023-12-17 07:15:15,1
06162F0101,03513,400,0.173,2023-12-27 09:09:48.999000,1
06162F0101,36412,23,5.4,2023-12-29 09:17:25.999000,1
06162F0101,36413,12,5.4,2023-11-03 14:29:28.999000,1
06162F0101,08008,70,0.173668,2023-12-26 10:24:18.999000,1
06162F0101,24072,37,0.435,2023-12-30 09:07:24,1
06162F0101,15047,50,0.34,2023-12-29 09:24:07.999000,1
06162F0101,10148,604,0.059,2023-12-27 16:47:45,1
06162F0101,10151,591,0.059,2023-12-31 15:03:49.999000,1
06162F0101,10155,1948,0.059,2023-12-31 23:10:19.999000,1
06162F0101,10158,141,0.059,2023-12-31 16:40:16.999000,1
06162F0101,00259,24,1.9,2023-12-01 19:25:57.999000,1
06162F0101,00269,54,0.091,2023-12-16 18:25:29.999000,1
06162F0101,10221,142,9.0,2023-12-30 08:59:45.999000,1
06162F0101,22901,4,25.0,2023-10-27 10:53:14,1
06162F0101,10246,24,1.184,2023-10-27 10:49:42.999000,1
06162F0101,10249,26,13.0,2023-11-13 11:09:33,1
06162F0101,00393,1158,0.033,2023-12-30 14:32:25.999000,1
06162F0101,00627,0,1.4,2023-12-03 18:11:09.999000,1
06162F0101,00671,375,0.079,2023-11-14 15:51:15,1
06162F0101,00673,340,0.035,2023-11-30 16:34:54,1
06162F0101,00725,39,6.2,2023-12-30 19:17:30.999000,1
06162F0101,00794,0,1.44,2023-09-21 13:49:24.999000,1
06162F0101,00808,2844,0.129,2023-12-31 09:42:24,1
06162F0101,00830,2,1.416,2023-07-27 11:53:35.999000,1
06162F0101,37403,0,15.95,2023-11-10 09:14:51.999000,1
06162F0101,00900,340,0.056,2023-10-31 13:41:20,1
06162F0101,00903,1810,0.084,2023-12-22 12:43:16.999000,1
06162F0101,00904,1550,0.198333,2023-12-26 17:34:02,1
06162F0101,00910,191,1.5,2023-11-27 16:48:46,1
06162F0101,00947,436,0.6,2023-12-31 08:18:27,1
06162F0101,10750,4,58.0,2023-12-22 12:45:08.999000,1
06162F0101,31074,4,8.23,2022-12-31 18:08:58,1
06162F0101,01009,18,15.69,2023-12-19 19:06:17.999000,1
06162F0101,01043,131,1.638,2023-12-31 08:34:54.999000,1
06162F0101,18048,1,3.2,2023-07-17 17:38:23.999000,1
06162F0101,01053,47,6.5,2023-12-22 12:43:16.999000,1
06162F0101,01205,127,1.6,2023-12-29 17:19:37.999000,1
06162F0101,10355,19,0.38,2023-04-19 06:08:16.999000,1
06162F0101,35515,0,0.6,2023-10-20 11:43:20.999000,1
06162F0101,18931,0,0.455,2023-10-23 19:40:52,1
06162F0101,15288,1,0.216,2022-12-31 18:08:58,1
06162F0101,15287,1,0.216,2022-12-31 18:08:58,1
06162F0101,24334,6,3.45,2023-05-31 12:33:52.999000,1
06162F0101,29817,77,6.3,2023-12-16 10:52:07.999000,1
06162F0101,01467,0,0.738675,2023-09-29 19:50:41.999000,1
06162F0101,01503,530,0.475,2023-12-17 07:15:15,1
06162F0101,37467,80,6.08,2022-12-31 18:08:58,1
06162F0101,10419,2,1.1,2023-05-15 07:27:16,1
06162F0101,01522,3212,0.044,2023-12-31 19:17:25.999000,1
06162F0101,43815,66,14.0,2023-12-20 15:50:34.999000,1
06162F0101,19421,212,0.97,2023-12-21 20:49:21,1
06162F0101,22256,438,1.05,2023-12-31 12:07:44,1
06162F0101,10477,824,1.12,2023-12-31 13:42:51,1
06162F0101,10482,446,1.05,2023-12-31 12:07:44,1
06162F0101,01628,4,4.1,2023-12-20 19:19:59.999000,1
06162F0101,01636,650,0.23,2023-12-27 16:04:39,1
06162F0101,01639,0,3.2,2023-12-14 22:28:00,1
06162F0101,18156,26,2.666,2023-12-30 08:58:29,1
06162F0101,18158,1496,1.609206,2023-12-31 08:15:14,1
06162F0101,01705,12,20.0,2023-11-10 11:23:54.999000,1
06162F0101,01711,4179,0.9,2023-12-30 15:39:14.999000,1
06162F0101,44800,5,34.93,2023-12-31 12:40:08,1
06162F0101,27731,1,88.0,2022-12-31 18:08:58,1
06162F0101,10545,3,10.6,2023-12-31 12:40:08,1
06162F0101,01846,11210,0.149,2023-12-31 12:53:24.999000,1
06162F0101,10554,2,0.24,2022-12-31 18:08:58,1
06162F0101,01930,815,0.682843,2023-12-22 12:43:16.999000,1
06162F0101,01964,3028,0.377,2023-12-31 18:28:17,1
06162F0101,01973,27,2.6,2023-12-16 20:34:30,1
06162F0101,02128,1596,0.4,2023-12-31 19:05:24.999000,1
06162F0101,02132,3,4.15,2023-12-30 19:07:03.999000,1
06162F0101,02149,18180,0.03,2023-12-31 09:42:24,1
06162F0101,42003,2,45.0,2022-12-31 18:08:58,1
06162F0101,43121,0,40.0,2023-09-29 11:22:42.999000,1
06162F0101,02319,238,1.65,2023-12-30 08:31:50.999000,1
06162F0101,02354,81,0.383595,2023-12-11 15:11:13,1
06162F0101,10318,1,18.0,2022-12-31 18:08:58,1
06162F0101,28800,3,9.38,2023-12-30 02:01:38.999000,1
06162F0101,19677,0,5.4,2023-12-19 11:49:52.999000,1
06162F0101,36691,0,4.5,2023-05-12 15:25:15.999000,1
06162F0101,31353,9,7.64,2023-12-31 10:55:03,1
06162F0101,34265,1,312.0,2023-09-27 09:04:56,1
06162F0101,02657,244,0.062435,2023-12-31 03:32:01,1
06162F0101,02654,312,0.059,2023-12-25 02:13:13,1
06162F0101,02642,3234,0.25,2023-12-31 18:28:17,1
06162F0101,03787,479,1.2,2023-12-30 14:05:11,1
06162F0101,03789,0,2.377,2023-09-17 13:06:21,1
06162F0101,02754,66,0.08,2023-12-31 19:05:24.999000,1
06162F0101,02752,95,1.025,2023-12-31 18:55:50,1
06162F0101,02788,2092,0.1267,2023-12-31 09:42:24,1
06162F0101,02830,30,3.6,2023-12-27 16:16:25.999000,1
06162F0101,02836,9492,0.25,2023-12-31 12:46:21,1
06162F0101,02884,2217,0.65,2023-12-31 23:10:19.999000,1
06162F0101,02891,4915,0.050051,2023-12-31 13:42:51,1
06162F0101,02954,0,0.3089,2023-09-26 11:14:50,1
06162F0101,41842,30,0.90753,2022-12-31 18:08:58,1
06162F0101,03018,563,0.19,2023-12-20 11:58:53,1
06162F0101,03078,260,0.048,2023-12-31 23:38:37.999000,1
06162F0101,03080,1430,0.078,2023-12-30 09:05:09,1
06162F0101,22405,32,0.26,2023-12-31 09:31:36,1
06162F0101,03097,29,2.36,2023-12-30 01:10:05.999000,1
06162F0101,10929,1358,0.72,2023-12-31 19:05:24.999000,1
06162F0101,28395,22,2.14,2023-11-30 11:18:04,1
06162F0101,03139,2,8.5,2023-05-26 14:15:12,1
06162F0101,03182,35,5.4,2023-08-17 17:14:00.999000,1
06162F0101,03191,0,0.58,2023-11-20 18:56:22.999000,1
06162F0101,03215,1282,0.165643,2023-12-30 19:00:42.999000,1
06162F0101,03213,416,1.45,2023-12-31 17:53:59.999000,1
06162F0101,35342,0,42.0,2023-06-27 13:15:42.999000,1
06162F0101,22713,10,4.5,2023-12-31 10:55:03,1
06162F0101,25122,114,1.48,2023-12-20 09:26:58.999000,1
06162F0101,11006,4,13.0,2023-12-31 12:40:08,1
06162F0101,03519,0,1.579,2023-07-12 13:17:17.999000,1
06162F0101,03576,7,0.714,2023-11-13 19:24:48,1
06162F0101,03595,528,0.324,2023-12-21 14:41:40,1
06162F0101,20479,17,15.3,2023-12-31 12:49:26,1
06162F0101,11048,3,20.0,2023-12-31 12:49:26,1
06162F0101,30588,390,0.44,2023-12-30 11:50:51,1
06162F0101,11063,205,0.3304,2023-12-19 18:09:38,1
06162F0101,03708,1160,0.05,2023-12-20 08:36:06,1
06162F0101,03703,19,2.56,2023-09-27 09:02:27,1
06162F0101,03710,30,0.31,2023-12-31 09:42:24,1
06162F0101,03713,229,0.075,2023-12-22 14:29:42,1
06162F0101,39096,27,1.28,2023-12-29 09:12:59.999000,1
06162F0101,34952,0,0.73,2023-03-14 15:03:42.999000,1
06162F0101,29405,11,1.6,2023-12-27 18:33:02.999000,1
06162F0101,26412,0,2.2,2023-03-20 10:49:48.999000,1
06162F0101,19918,103,0.34,2023-12-31 12:46:21,1
06162F0101,23370,30,72.0,2023-09-27 09:10:38.999000,1
06162F0101,30498,3,7.41,2023-08-25 11:34:21,1
06162F0101,19166,2,38.0,2023-03-11 08:16:21.999000,1
06162F0101,03758,440,0.035,2023-12-27 23:28:06.999000,1
06162F0101,11192,0,0.4,2023-07-21 13:29:18.999000,1
06162F0101,41485,800,0.09,2023-12-29 09:42:40.999000,1
06162F0101,41488,1200,0.1035,2023-12-31 10:55:03,1
06162F0101,25009,0,0.21,2023-09-13 19:25:39,1
06162F0101,23112,0,0.28,2023-11-13 11:23:10.999000,1
06162F0101,25008,0,0.235,2023-12-29 10:06:21,1
06162F0101,16569,97,1.17,2023-12-30 11:10:09,1
06162F0101,16570,254,0.74183,2023-12-31 23:08:22.999000,1
06162F0101,16571,1029,1.060854,2023-12-31 16:40:16.999000,1
06162F0101,16572,48,0.88,2023-12-12 19:50:39.999000,1
06162F0101,03894,0,9.0,2023-05-31 15:52:25,1
06162F0101,03921,45,0.09,2023-12-26 17:34:02,1
06162F0101,03944,10,3.0,2023-12-30 13:43:35.999000,1
06162F0101,26362,110,2.4,2023-12-31 11:55:00,1
06162F0101,11263,2,12.0,2023-06-23 09:02:58,1
06162F0101,16597,250,0.21,2023-12-22 12:44:17.999000,1
06162F0101,16599,164,0.21,2023-12-30 23:36:11.999000,1
06162F0101,04024,16,4.0,2023-12-27 16:16:25.999000,1
06162F0101,04034,19050,0.089,2023-12-31 19:14:08,1
06162F0101,36271,2764,0.964071,2023-12-31 12:17:25,1
06162F0101,16656,24,0.16,2023-12-30 22:20:28,1
06162F0101,11368,2798,0.24,2023-12-31 23:05:21.999000,1
06162F0101,11369,2463,0.41,2023-12-31 23:10:19.999000,1
06162F0101,16657,282,0.14,2023-12-31 17:44:55.999000,1
06162F0101,17563,0,0.16036,2022-12-31 18:08:58,1
06162F0101,11370,5443,0.2,2023-12-31 21:36:38.999000,1
06162F0101,33271,42,2.19,2023-12-31 10:58:40,1
06162F0101,04291,31,9.41594,2023-12-30 09:05:09,1
06162F0101,41694,700,0.3,2023-12-31 18:22:34,1
06162F0101,38680,2,2.85,2023-09-13 11:16:02.999000,1
06162F0101,23438,10,1.5,2023-12-29 09:24:07.999000,1
06162F0101,04415,6,2.8125,2023-12-10 07:23:18,1
06162F0101,04390,457,1.552148,2023-12-31 12:46:21,1
06162F0101,20361,26,1.33,2023-12-29 09:20:08,1
06162F0101,04511,45,6.0,2023-12-07 15:52:16,1
06162F0101,04523,1472,0.049141,2023-12-30 09:06:49.999000,1
06162F0101,11446,3,16.0,2023-07-12 17:04:22,1
06162F0101,04556,15,1.8,2023-10-26 18:16:46,1
06162F0101,29692,0,28.0,2023-04-12 13:30:16.999000,1
06162F0101,35343,363,2.748659,2023-11-29 15:45:36,1
06162F0101,19492,0,3.7,2023-09-13 17:10:09,1
06162F0101,31907,7,3.55,2023-11-25 23:14:25.999000,1
06162F0101,16767,0,4.856,2023-11-14 10:48:18.999000,1
06162F0101,16774,85,4.2,2023-12-22 12:44:17.999000,1
06162F0101,16776,3,2.4,2023-11-27 16:51:30.999000,1
06162F0101,11464,10,3.3,2023-09-12 16:09:55,1
06162F0101,23127,2886,0.12,2023-12-29 10:06:21,1
06162F0101,29849,140,3.19,2023-10-27 10:45:18,1
06162F0101,04585,100,0.068,2023-12-30 09:05:09,1
06162F0101,04582,8,2.2,2023-07-31 19:15:37,1
06162F0101,26750,0,5.57,2023-12-31 18:22:34,1
06162F0101,04677,9325,0.1944,2023-12-31 23:10:19.999000,1
06162F0101,04696,2290,0.065,2023-12-31 23:39:38.999000,1
06162F0101,04701,10,0.182496,2022-12-31 18:08:58,1
06162F0101,04752,214,0.075,2023-12-19 10:25:05.999000,1
06162F0101,04743,62,0.20839,2023-12-06 23:17:28.999000,1
06162F0101,04794,15,7.036,2023-12-31 09:42:24,1
06162F0101,04805,634,0.118,2023-12-27 12:45:30.999000,1
06162F0101,04847,6,1.296,2022-12-31 18:08:58,1
06162F0101,04982,19302,0.265,2023-12-31 18:41:15,1
06162F0101,05021,250,0.3,2023-12-30 09:05:09,1
06162F0101,05018,58,0.205278,2023-09-27 09:03:41,1
06162F0101,05103,1493,1.215,2023-12-30 09:05:09,1
06162F0101,35040,6871,0.052,2023-12-30 11:35:16.999000,1
06162F0101,05166,3120,0.776,2023-12-31 23:03:08.999000,1
06162F0101,24760,6167,0.153419,2023-12-30 19:20:21,1
06162F0101,11498,0,3.3,2023-06-14 10:50:47.999000,1
06162F0101,05253,20,0.57079,2023-07-27 11:53:35.999000,1
06162F0101,22308,2,201.0,2023-09-27 09:04:56,1
06162F0101,43866,4,7.27942,2023-12-29 16:05:28,1
06162F0101,05281,16,3.5,2023-12-22 12:16:42.999000,1
06162F0101,05309,147,3.2,2023-12-31 23:05:21.999000,1
06162F0101,05335,52565,0.039,2023-12-31 09:42:24,1
06162F0101,05384,14,7.523001,2023-11-14 17:04:49,1
06162F0101,32439,0,6.0,2023-08-28 12:59:08.999000,1
06162F0101,05551,6,0.22688,2023-12-27 15:24:28.999000,1
06162F0101,05588,995,0.1,2023-12-28 17:38:15.999000,1
06162F0101,05586,23,7.7,2023-12-22 12:49:47,1
06162F0101,05590,53,0.2,2023-12-31 17:56:08,1
06162F0101,08054,20,0.1854,2023-08-14 19:13:23,1
06162F0101,05634,340,0.0944,2023-10-30 13:08:08.999000,1
06162F0101,45221,0,6.55,2023-11-29 19:06:46.999000,1
06162F0101,31904,1,152.0,2022-12-31 18:08:58,1
06162F0101,26751,1,165.0,2023-12-31 11:05:38.999000,1
06162F0101,39992,30,1.28,2023-12-22 12:21:57,1
06162F0101,17705,46,1.26,2023-12-31 11:08:21.999000,1
06162F0101,31100,0,6.16,2023-09-29 11:58:02.999000,1
06162F0101,05658,2145,0.25,2023-12-31 13:06:09.999000,1
06162F0101,05661,2960,0.372401,2023-12-30 01:12:27.999000,1
06162F0101,32560,2,29.0,2023-06-23 09:02:58,1
06162F0101,36873,3,78.7,2023-10-30 15:34:22,1
06162F0101,47028,2130,1.97,2023-12-20 15:59:54,1
06162F0101,05731,251,4.8,2023-12-31 17:24:45,1
06162F0101,19723,2,2.5,2023-12-20 18:15:46,1
06162F0101,20036,136,0.6,2023-12-31 08:06:14.999000,1
06162F0101,32537,1,73.39,2023-11-30 11:42:21.999000,1
06162F0101,10749,1,44.0,2022-12-31 18:08:58,1
06162F0101,02922,36,1.33,2023-12-29 20:51:28,1
06162F0101,05889,0,0.28092,2023-09-10 01:18:30.999000,1
06162F0101,05873,410,2.985,2023-12-31 13:42:51,1
06162F0101,05872,359,1.487,2023-12-31 08:24:56.999000,1
06162F0101,05598,0,2.56,2023-08-15 18:38:41.999000,1
06162F0101,12756,3,18.0,2023-12-31 11:05:38.999000,1
06162F0101,11849,2,1.79,2023-09-27 09:03:41,1
06162F0101,17074,2,1.6,2023-12-14 02:12:09.999000,1
06162F0101,17075,5,1.576,2023-09-17 12:00:05,1
06162F0101,17071,8,2.52,2023-11-13 19:51:33.999000,1
06162F0101,17029,11,2.04,2023-08-23 16:32:36.999000,1
06162F0101,17083,2,0.72,2023-09-30 23:28:50,1
06162F0101,08172,0,84.96,2023-05-31 13:23:39,1
06162F0101,05964,59,3.25,2023-12-31 09:42:24,1
06162F0101,05986,21,0.88,2023-12-31 23:05:21.999000,1
06162F0101,06002,300,0.14,2023-12-31 09:42:24,1
06162F0101,03515,0,0.12,2023-06-17 20:10:37,1
06162F0101,03552,400,0.055,2023-12-08 22:02:41.999000,1
06162F0101,18886,16,2.504,2023-08-26 11:51:25,1
06162F0101,12030,42,2.3,2023-12-12 08:55:18.999000,1
06162F0101,12427,285,2.2,2023-11-17 21:13:10,1
06162F0101,18698,25,2.2,2023-08-23 16:32:36.999000,1
06162F0101,06111,1,15.5,2023-12-29 00:56:00,1
06162F0101,23141,2,31.0,2023-12-31 11:05:38.999000,1
06162F0101,12520,0,0.69,2023-12-31 11:05:38.999000,1
06162F0101,20455,2,29.5,2023-12-31 11:08:21.999000,1
06162F0101,06239,1271,0.0871,2023-12-27 16:27:07,1
06162F0101,06291,8,4.96,2023-07-24 17:20:43.999000,1
06162F0101,22365,4,3.6,2023-08-23 16:32:36.999000,1
06162F0101,22252,3,4.104,2023-08-23 16:32:36.999000,1
06162F0101,22775,1,10.5,2023-12-22 12:44:17.999000,1
06162F0101,31841,17,38.39,2023-12-30 13:05:16,1
06162F0101,24090,41,49.202732,2023-12-31 12:17:25,1
06162F0101,06432,10,4.54404,2023-12-31 12:17:25,1
06162F0101,12795,5,4.2,2023-12-20 19:11:59.999000,1
06162F0101,12798,0,7.0,2023-10-31 11:51:20,1
06162F0101,12805,227,0.96,2023-12-31 15:03:49.999000,1
06162F0101,12806,388,1.26,2023-12-31 16:40:16.999000,1
06162F0101,06517,0,14.0,2023-10-31 12:02:35.999000,1
06162F0101,06519,0,1.837,2023-05-22 00:43:45,1
06162F0101,29155,130,1.8054,2023-01-27 00:00:00,1
06162F0101,31025,198,1.8054,2023-10-24 13:56:44.999000,1
06162F0101,03751,0,0.4,2023-12-09 13:17:29,1
06162F0101,04922,260,7.2,2023-12-27 09:10:43,1
06162F0101,10222,2,1.19,2023-11-26 11:20:18,1
06162F0101,12403,187,2.2,2023-12-31 23:05:21.999000,1
06162F0101,15334,18,1.1,2023-12-31 19:05:24.999000,1
06162F0101,15336,1,1.42,2023-10-31 23:15:50,1
06162F0101,16602,270,0.21,2023-12-22 16:08:36,1
06162F0101,17030,18,2.04,2023-12-11 12:50:38,1
06162F0101,18291,0,0.9,2023-09-29 15:28:05.999000,1
06162F0101,28250,2,61.2,2023-12-31 11:05:38.999000,1
06162F0101,12018,127,2.3,2023-11-27 16:51:30.999000,1
06162F0101,03747,231,0.332,2023-12-30 13:32:05,1
06162F0101,05589,137,0.06,2023-12-31 11:55:00,1
06162F0101,05876,0,0.6,2023-09-29 19:09:21,1
06162F0101,06387,0,1.791761,2023-02-02 00:00:00,1
06162F0101,30978,0,60.617064,2023-03-31 15:22:52,1
06162F0101,48574,0,415.9146,2023-09-29 19:09:21,1
06162F0101,50298,0,425.67084,2023-03-31 15:22:52,1
06162F0101,19491,0,3.7,2023-08-09 18:24:50.999000,1
06162F0101,04514,10737,0.062,2023-12-31 20:18:20.999000,1
06162F0101,12417,140,2.3,2023-12-30 19:48:16,1
06162F0101,12808,137,1.75,2023-12-26 12:47:28.999000,1
06162F0101,31606,2,42.7,2023-02-24 00:00:00,1
06162F0101,00750,8806,0.65,2023-12-31 18:09:35,1
06162F0101,16737,15,0.48,2023-11-28 20:25:53.999000,1
06162F0101,00939,0,3.36,2023-02-28 00:00:00,1
06162F0101,44390,0,0.9,2023-05-12 19:06:25.999000,1
06162F0101,01256,122,1.706544,2023-12-31 17:53:59.999000,1
06162F0101,01958,136,2.45,2023-12-11 14:58:21,1
06162F0101,10230,6,7.3,2023-12-16 10:52:07.999000,1
06162F0101,24068,0,0.5,2023-05-22 11:36:33.999000,1
06162F0101,45068,4,210.136968,2023-12-31 12:54:16,1
06162F0101,02724,914,1.919559,2023-12-31 21:05:14.999000,1
06162F0101,28746,0,3.65,2023-11-13 11:20:16,1
06162F0101,10363,7,1.68,2023-12-10 07:42:45.999000,1
06162F0101,18153,0,1.47,2023-10-03 11:57:53.999000,1
06162F0101,12024,36,2.3,2023-12-20 19:03:52,1
06162F0101,50814,0,46.331723,2023-09-29 19:09:21,1
06162F0101,51089,0,0.01,2023-09-29 19:09:21,1
06162F0101,18511,3,4.7,2023-03-29 20:11:11.999000,1
06162F0101,18694,61,2.2,2023-12-30 15:01:55,1
06162F0101,23095,0,550.0,2023-11-30 11:42:21.999000,1
06162F0101,26631,4,11.3,2023-12-31 12:54:16,1
06162F0101,12703,23,5.27,2023-05-23 11:38:41,1
06162F0101,16464,16,3.95,2023-12-31 12:49:26,1
06162F0101,16480,21,3.95,2023-12-31 12:49:26,1
06162F0101,16485,16,3.95,2023-12-31 12:49:26,1
06162F0101,16486,18,3.95,2023-12-31 12:49:26,1
06162F0101,22920,1,16.0,2023-12-31 13:00:02,1
06162F0101,36872,0,67.46,2023-12-31 13:00:02,1
06162F0101,12060,20,2.3,2023-06-29 18:42:26.999000,1
06162F0101,12217,445,2.2,2023-11-27 13:47:31,1
06162F0101,12221,0,2.2,2023-11-30 13:04:48.999000,1
06162F0101,12228,12,2.2,2023-12-31 16:40:16.999000,1
06162F0101,12236,170,2.2,2023-12-30 01:20:48,1
06162F0101,12428,1,2.2,2023-12-12 19:01:54,1
06162F0101,19232,0,2.2,2023-05-10 11:06:57.999000,1
06162F0101,19234,14,2.2,2023-12-19 21:19:29,1
06162F0101,10278,0,135.0,2023-07-26 13:05:56.999000,1
06162F0101,23113,6,48.0,2023-11-08 14:55:56.999000,1
06162F0101,24840,4,75.0,2023-11-08 14:55:56.999000,1
06162F0101,26770,4,67.0,2023-11-08 14:55:56.999000,1
06162F0101,30456,4,67.0,2023-11-08 14:55:56.999000,1
06162F0101,11735,1,35.0,2023-10-30 19:25:37,1
06162F0101,16037,10,82.5,2023-12-16 11:08:35.999000,1
06162F0101,18869,2,70.0,2023-12-16 12:11:41,1
06162F0101,19429,12,47.0,2023-12-16 11:08:35.999000,1
06162F0101,20594,77,0.75,2023-12-16 12:20:38,1
06162F0101,21620,1119,0.182692,2023-12-31 10:08:07.999000,1
06162F0101,21909,12,110.0,2023-12-16 12:11:41,1
06162F0101,24391,8,270.790281,2023-12-16 11:08:35.999000,1
06162F0101,31021,1,71.1875,2023-05-19 09:03:13.999000,1
06162F0101,31414,12,48.0,2023-12-31 11:05:38.999000,1
06162F0101,31743,0,45.5,2023-10-30 19:15:15,1
06162F0101,32652,148,1.57,2023-09-29 11:39:19,1
06162F0101,33557,85,0.399519,2023-12-31 10:55:03,1
06162F0101,34834,18,0.75,2023-12-16 12:20:38,1
06162F0101,35206,12,48.0,2023-12-31 11:05:38.999000,1
06162F0101,38051,2,40.0,2023-12-16 11:08:35.999000,1
06162F0101,40785,1,35.0,2023-12-31 10:08:07.999000,1
06162F0101,42251,11,29.2,2023-12-16 12:20:38,1
06162F0101,51420,101,0.557,2023-12-31 10:55:03,1
06162F0101,01684,0,0.68,2023-11-02 17:12:24,1
06162F0101,47270,23,19.9,2023-12-30 09:00:56,1
06162F0101,33571,0,4.8,2023-08-25 11:56:40.999000,1
06162F0101,35320,2,33.8,2023-06-09 16:14:41.999000,1
06162F0101,01029,415,0.477,2023-12-30 19:04:31,1
06162F0101,16870,0,2.8,2023-08-28 12:59:08.999000,1
06162F0101,16871,8,2.7,2023-12-31 13:00:02,1
06162F0101,23630,2,14.5,2023-12-31 12:40:08,1
06162F0101,28300,1,39.0,2023-12-31 12:54:16,1
06162F0101,31145,4,19.0,2023-12-31 13:00:02,1
06162F0101,31509,4,8.3,2023-12-31 12:40:08,1
06162F0101,36860,5,9.0,2023-12-31 12:40:08,1
06162F0101,43064,0,16.65,2023-07-31 11:49:09.999000,1
06162F0101,02794,9,17.0,2023-09-27 09:02:27,1
06162F0101,25938,200,0.24,2023-12-31 11:13:33.999000,1
06162F0101,20395,1400,0.428,2023-12-31 10:08:07.999000,1
06162F0101,18879,4,12.0,2023-09-18 16:50:47.999000,1
06162F0101,01841,42,12.3,2023-12-16 22:37:05.999000,1
06162F0101,22211,1,78.0,2023-06-28 17:34:08,1
06162F0101,22712,0,9.35,2023-11-13 11:09:33,1
06162F0101,23964,5,3.37,2023-12-29 09:36:57,1
06162F0101,22109,1,3.3,2023-11-30 11:42:21.999000,1
06162F0101,29856,6,30.0,2023-12-31 12:54:16,1
06162F0101,31735,95,2.0,2023-12-31 11:13:33.999000,1
06162F0101,33881,91,0.74,2023-12-31 11:13:33.999000,1
06162F0101,38553,3,51.45,2023-12-16 12:20:38,1
06162F0101,05884,55,4.9,2023-12-14 13:11:09,1
06162F0101,47714,1038,0.384,2023-12-31 11:13:33.999000,1
06162F0101,02641,0,0.25,2023-12-14 22:58:58.999000,1
06162F0101,30666,13,6.24,2023-10-30 15:34:22,1
06162F0101,23146,55,4.5,2023-12-31 10:55:03,1
06162F0101,32181,0,9.5,2023-12-20 15:55:29,1
06162F0101,28530,39,11.5,2023-12-16 12:20:38,1
06162F0101,31340,200,0.29,2023-08-31 08:33:32,1
06162F0101,10244,49,2.24,2023-12-20 19:11:59.999000,1
06162F0101,51189,0,482.965102,2023-10-06 16:47:09,1
06162F0101,22670,2,10.504,2023-09-27 08:48:50,1
06162F0101,38955,296,2.549701,2023-12-19 11:53:42.999000,1
06162F0101,11085,16,3.95,2023-12-31 12:49:26,1
06162F0101,16462,19,3.95,2023-12-31 12:49:26,1
06162F0101,16478,14,3.95,2023-12-31 12:49:26,1
06162F0101,23180,1,26.0,2023-12-31 13:00:02,1
06162F0101,31045,3,90.0,2023-12-31 12:40:08,1
06162F0101,32760,0,97.8,2023-11-30 11:42:21.999000,1
06162F0101,36881,0,78.7,2023-12-31 13:00:02,1
06162F0101,38558,2,75.0,2023-12-31 12:40:08,1
06162F0101,42982,2,78.0,2023-12-31 13:00:02,1
06162F0101,00933,0,4.0,2023-11-21 20:00:26.999000,1
06162F0101,29457,328,2.1004,2023-10-24 13:56:44.999000,1
06162F0101,18091,63,4.743476,2023-12-29 17:40:03,1
06162F0101,18726,434,0.11,2023-11-29 15:32:46.999000,1
06162F0101,31594,0,19.5,2023-12-29 09:42:40.999000,1
06162F0101,04923,194,10.51,2023-12-31 15:41:00,1
06162F0101,29264,0,17.5,2023-12-19 11:58:21,1
06162F0101,22128,2,37.5,2023-12-31 13:00:02,1
06162F0101,22129,2,37.5,2023-12-22 12:39:57.999000,1
06162F0101,25349,80,4.95,2023-12-22 12:39:57.999000,1
06162F0101,32731,3,21.0,2023-12-22 12:39:57.999000,1
06162F0101,30034,20,13.75,2023-12-22 12:45:08.999000,1
06162F0101,41364,200,0.1,2023-12-22 12:45:08.999000,1
06162F0101,11850,1,1.79,2023-12-22 12:49:47,1
06162F0101,29109,10,6.9,2023-12-30 13:05:16,1
06162F0101,00143,771,0.13,2024-12-27 23:26:05,1
06162F0101,00259,30,2.065,2024-07-10 07:27:40.999000,1
06162F0101,00269,281,0.11,2024-11-23 19:41:30.999000,1
06162F0101,00356,93,0.5,2024-10-30 17:39:44.999000,1
06162F0101,00393,0,0.03,2024-11-23 19:03:38,1
06162F0101,00671,195,0.079,2024-11-12 12:05:41.999000,1
06162F0101,00673,220,0.043382,2024-10-18 07:42:09.999000,1
06162F0101,00725,49,3.98,2024-12-26 19:38:47.999000,1
06162F0101,00750,4703,0.498,2024-12-31 23:27:58.999000,1
06162F0101,00808,3632,0.129,2024-12-29 07:52:17.999000,1
06162F0101,00830,10,0.85,2024-03-22 20:01:09.999000,1
06162F0101,00900,130,0.092,2024-09-26 16:15:56.999000,1
06162F0101,00903,1200,0.042,2024-12-27 15:16:57.999000,1
06162F0101,00904,917,0.198335,2024-12-21 09:45:00,1
06162F0101,00910,155,1.5,2024-12-31 01:46:56,1
06162F0101,00947,1073,0.57,2024-12-31 22:44:41,1
06162F0101,01009,18,6.3,2024-12-18 12:57:20,1
06162F0101,01029,0,0.477,2024-08-15 17:01:56.999000,1
06162F0101,01043,0,1.638,2024-06-11 21:30:27.999000,1
06162F0101,01053,54,3.332998,2024-12-22 18:21:44,1
06162F0101,01205,128,1.37,2024-12-26 08:11:00,1
06162F0101,01256,0,6.1,2024-11-20 20:41:11,1
06162F0101,01503,200,0.445,2024-08-29 12:56:13,1
06162F0101,01522,1451,0.036248,2024-12-31 01:25:57.999000,1
06162F0101,01628,10,4.1,2024-11-05 10:58:40,1
06162F0101,01636,1408,0.23,2024-12-27 23:28:56,1
06162F0101,01705,0,20.0,2024-02-08 08:07:20,1
06162F0101,01711,4174,1.2,2024-12-29 17:41:09,1
06162F0101,01841,10,13.7,2024-12-26 21:21:50,1
06162F0101,01846,3193,0.1015,2024-12-31 21:39:18,1
06162F0101,01930,73,0.681318,2024-12-10 13:00:37.999000,1
06162F0101,01958,80,2.5,2024-12-24 19:42:43,1
06162F0101,01964,2026,0.295,2024-12-26 14:38:44,1
06162F0101,01973,22,2.6,2024-04-22 10:28:53,1
06162F0101,02128,1895,0.298,2024-12-31 22:44:41,1
06162F0101,02132,35,3.9,2024-12-31 01:27:48.999000,1
06162F0101,02149,5700,0.0186,2024-12-30 21:14:14.999000,1
06162F0101,02319,281,0.969999,2024-12-27 22:48:00,1
06162F0101,02354,221,0.48,2024-12-20 18:21:15.999000,1
06162F0101,02642,2895,0.32,2024-12-31 23:27:58.999000,1
06162F0101,02654,128,0.059006,2024-12-24 11:26:52,1
06162F0101,02657,294,0.062435,2024-12-30 12:41:16,1
06162F0101,02724,761,2.8,2024-12-31 07:09:03,1
06162F0101,02752,66,0.550999,2024-12-31 01:19:22.999000,1
06162F0101,02754,4,0.072,2024-12-16 07:28:51,1
06162F0101,02788,4063,0.1267,2024-12-31 22:17:21,1
06162F0101,02794,5,17.0,2024-10-04 14:58:30.999000,1
06162F0101,02830,38,3.5,2024-12-29 10:57:50.999000,1
06162F0101,02836,9337,0.25,2024-12-31 16:54:44.999000,1
06162F0101,02884,1808,0.72,2024-12-31 22:19:01.999000,1
06162F0101,02891,1847,0.055,2024-12-30 14:23:21,1
06162F0101,02922,25,2.57625,2024-12-17 10:47:24,1
06162F0101,03018,245,0.165,2024-12-31 16:50:46,1
06162F0101,03078,220,0.0315,2024-12-03 11:47:07,1
06162F0101,03080,850,0.078,2024-12-05 17:57:06,1
06162F0101,03097,14,1.477,2024-12-29 23:07:48,1
06162F0101,03139,5,3.5,2024-12-27 10:52:37.999000,1
06162F0101,03182,1,4.6,2024-11-30 13:15:52,1
06162F0101,03213,1841,1.356,2024-12-31 22:19:01.999000,1
06162F0101,03215,3338,0.165643,2024-12-31 01:15:47.999000,1
06162F0101,03513,400,0.173,2023-12-31 01:44:57,1
06162F0101,03552,410,0.075,2024-12-29 19:28:30,1
06162F0101,03576,31,0.968,2024-12-18 12:56:22,1
06162F0101,03595,228,0.228,2024-12-27 22:48:00,1
06162F0101,03703,18,2.863158,2024-06-12 08:01:34.999000,1
06162F0101,03708,235,0.072,2024-12-25 13:06:18.999000,1
06162F0101,03710,88,0.7,2024-12-31 13:14:47.999000,1
06162F0101,03713,360,0.105,2024-12-18 12:56:22,1
06162F0101,03747,294,0.685,2024-12-27 19:42:52.999000,1
06162F0101,03758,225,0.033,2024-12-28 23:55:06.999000,1
06162F0101,03787,392,0.855,2024-12-31 16:41:10.999000,1
06162F0101,03921,281,0.095,2024-12-18 12:54:37,1
06162F0101,03944,5,3.1,2024-12-18 12:54:37,1
06162F0101,04024,43,1.55,2024-12-31 01:27:48.999000,1
06162F0101,04034,13781,0.0648,2024-12-31 22:40:52,1
06162F0101,04291,131,9.41594,2024-12-30 16:20:55,1
06162F0101,04390,399,2.45,2024-12-31 23:30:26,1
06162F0101,04415,14,3.81,2024-12-31 21:17:38,1
06162F0101,04511,16,6.0,2024-10-18 17:58:16.999000,1
06162F0101,04514,5373,0.05995,2024-12-31 01:53:37.999000,1
06162F0101,04523,3110,0.049141,2024-12-29 10:24:38,1
06162F0101,04556,15,1.8,2024-11-30 13:15:52,1
06162F0101,04582,13,4.78,2024-08-15 13:16:39.999000,1
06162F0101,04585,56,0.068,2024-11-08 15:55:46.999000,1
06162F0101,04677,4574,0.41,2024-12-31 22:46:14.999000,1
06162F0101,04696,2815,0.045,2024-12-30 09:11:13,1
06162F0101,04701,10,0.289,2024-11-16 23:33:18.999000,1
06162F0101,04743,51,0.363,2024-12-25 17:39:31.999000,1
06162F0101,04752,284,0.07,2024-12-28 19:42:45.999000,1
06162F0101,04794,9,7.036,2024-11-30 13:15:52,1
06162F0101,04805,427,0.1,2024-12-28 18:32:01.999000,1
06162F0101,04847,10,1.85,2024-05-27 18:26:02,1
06162F0101,04922,52,6.410122,2024-12-30 22:18:10.999000,1
06162F0101,04923,0,10.51,2024-05-09 07:54:34,1
06162F0101,04982,7650,0.1387,2024-12-31 07:09:03,1
06162F0101,05018,50,0.294138,2024-02-28 10:04:16,1
06162F0101,05021,110,0.49,2024-12-22 11:31:35.999000,1
06162F0101,05103,524,0.8,2024-12-30 07:37:31,1
06162F0101,05166,1348,0.79,2024-12-31 19:44:47,1
06162F0101,05253,13,1.0,2024-11-30 13:11:26,1
06162F0101,05281,38,1.25,2024-09-26 16:13:34.999000,1
06162F0101,05309,49,3.2,2024-12-31 23:30:26,1
06162F0101,05335,23284,0.053,2024-12-31 23:27:58.999000,1
06162F0101,05384,7,7.523,2024-11-09 22:47:43.999000,1
06162F0101,05551,10,0.25,2024-07-31 16:11:10,1
06162F0101,05586,25,3.996667,2024-10-16 16:46:44.999000,1
06162F0101,05588,1027,0.1,2024-12-30 20:52:59.999000,1
06162F0101,05589,192,0.06,2024-12-31 16:50:46,1
06162F0101,05590,675,0.33,2024-12-26 22:47:48,1
06162F0101,05634,236,0.094412,2024-06-21 19:00:10,1
06162F0101,05658,665,0.25,2024-12-31 22:19:01.999000,1
06162F0101,05661,2009,0.372401,2024-12-29 06:57:36.999000,1
06162F0101,05731,84,3.688948,2024-12-28 11:08:21.999000,1
06162F0101,05872,830,0.760319,2024-12-31 22:40:52,1
06162F0101,05873,590,2.985,2024-12-31 22:19:01.999000,1
06162F0101,05884,154,4.9,2024-12-31 01:46:56,1
06162F0101,05964,148,7.5,2024-12-28 15:14:35,1
06162F0101,05986,16,0.88,2024-06-12 08:01:34.999000,1
06162F0101,06002,137,0.14,2024-10-27 17:24:33.999000,1
06162F0101,06111,17,13.688,2024-11-18 16:03:16,1
06162F0101,06239,1170,0.3,2024-12-25 18:11:59,1
06162F0101,06291,1,9.138,2024-11-30 13:13:28.999000,1
06162F0101,06432,13,6.846527,2024-12-30 15:43:02.999000,1
06162F0101,08008,841,0.173668,2024-12-18 21:40:13.999000,1
06162F0101,08054,244,0.116948,2024-12-28 17:52:20,1
06162F0101,10001,3,27.0,2024-02-27 14:02:43,1
06162F0101,10148,684,0.068,2024-12-24 18:07:02.999000,1
06162F0101,10151,1593,0.072,2024-12-31 23:32:00,1
06162F0101,10155,3219,0.06,2024-12-31 23:30:26,1
06162F0101,10158,202,0.06,2024-12-28 17:52:44.999000,1
06162F0101,10221,190,9.0,2024-12-11 15:04:34,1
06162F0101,10222,4,1.19,2024-09-27 14:24:51,1
06162F0101,10230,2,7.3,2024-11-27 10:39:36,1
06162F0101,10244,14,2.24,2024-12-17 08:43:30,1
06162F0101,10246,18,1.184167,2024-11-17 06:59:40,1
06162F0101,10249,34,13.0,2024-12-18 13:00:22.999000,1
06162F0101,10318,0,18.0,2024-09-30 09:12:38.999000,1
06162F0101,10355,14,0.38,2024-09-12 18:28:51.999000,1
06162F0101,10363,2,4.65,2024-11-06 21:46:31.999000,1
06162F0101,10419,0,1.1,2024-12-17 16:50:19.999000,1
06162F0101,10477,640,1.0,2024-12-31 02:14:05,1
06162F0101,10482,325,1.0,2024-12-30 19:56:11,1
06162F0101,10545,12,10.6,2024-08-29 13:25:35.999000,1
06162F0101,10554,2,0.24,2023-12-31 01:44:57,1
06162F0101,10749,0,44.0,2024-09-30 09:29:00,1
06162F0101,10750,2,50.0,2024-09-30 09:12:36.999000,1
06162F0101,10929,1273,0.788,2024-12-31 22:40:52,1
06162F0101,11006,3,13.0,2024-06-28 13:41:08.999000,1
06162F0101,11048,0,20.0,2024-05-30 09:00:37.999000,1
06162F0101,11063,126,0.3304,2024-10-29 17:32:34.999000,1
06162F0101,11085,12,3.95,2024-02-29 10:14:17.999000,1
06162F0101,11263,1,12.0,2024-04-29 19:15:10.999000,1
06162F0101,11368,5691,0.16,2024-12-31 23:32:00,1
06162F0101,11369,3661,0.41,2024-12-31 22:19:01.999000,1
06162F0101,11370,896,0.1113,2024-12-31 23:30:26,1
06162F0101,11446,1,15.666667,2024-09-30 09:12:39.999000,1
06162F0101,11464,13,3.1,2024-03-15 19:47:17,1
06162F0101,11735,1,35.0,2024-06-28 13:37:17,1
06162F0101,11849,8,1.79,2024-06-27 19:45:19.999000,1
06162F0101,11850,2,1.79,2024-12-30 19:56:11,1
06162F0101,12018,220,4.0,2024-12-30 18:41:27.999000,1
06162F0101,12024,0,2.3,2024-10-20 11:26:34,1
06162F0101,12030,62,2.5,2024-12-30 14:07:42.999000,1
06162F0101,12060,0,2.3,2024-12-30 13:06:52.999000,1
06162F0101,12217,340,2.2,2024-12-24 18:16:38,1
06162F0101,12228,59,3.0,2024-12-29 21:55:24.999000,1
06162F0101,12236,47,3.0,2024-12-23 21:58:35.999000,1
06162F0101,12403,93,2.2,2024-12-31 06:04:42.999000,1
06162F0101,12417,194,3.0,2024-12-31 16:54:44.999000,1
06162F0101,12427,144,2.2,2024-12-30 07:22:34.999000,1
06162F0101,12428,18,3.0,2024-12-18 18:39:20.999000,1
06162F0101,12703,9,8.47458,2024-11-30 13:13:28.999000,1
06162F0101,12756,3,18.0,2023-12-31 01:44:57,1
06162F0101,12795,27,5.4,2024-12-18 12:58:33,1
06162F0101,12805,170,0.96,2024-12-31 10:02:02,1
06162F0101,12806,250,1.32,2024-12-31 06:18:52,1
06162F0101,12808,77,1.65,2024-12-27 21:44:57,1
06162F0101,15047,67,0.435,2024-09-21 13:57:10,1
06162F0101,15287,1,0.22,2023-12-31 01:44:57,1
06162F0101,15288,1,0.22,2023-12-31 01:44:57,1
06162F0101,15334,15,1.64,2024-12-31 09:36:20.999000,1
06162F0101,15336,2,1.42,2024-02-21 14:00:24.999000,1
06162F0101,16037,9,82.5,2024-11-27 10:39:36,1
06162F0101,16462,17,3.95,2024-07-31 18:51:10.999000,1
06162F0101,16464,14,3.95,2024-07-31 18:51:10.999000,1
06162F0101,16478,12,4.5,2024-07-31 18:51:10.999000,1
06162F0101,16480,20,3.95,2024-07-31 18:51:10.999000,1
06162F0101,16485,18,3.95,2024-07-31 18:51:10.999000,1
06162F0101,16486,15,3.95,2024-07-31 18:51:10.999000,1
06162F0101,16569,399,1.1,2024-12-31 23:30:26,1
06162F0101,16570,69,1.1,2024-12-31 22:40:52,1
06162F0101,16571,352,1.10241,2024-12-31 16:54:44.999000,1
06162F0101,16572,38,0.9,2024-12-29 07:52:17.999000,1
06162F0101,16597,190,0.2,2024-12-30 19:14:31,1
06162F0101,16599,172,0.2,2024-12-31 11:24:17.999000,1
06162F0101,16602,200,0.21,2024-12-07 14:59:00,1
06162F0101,16656,136,0.16,2024-12-29 23:07:48,1
06162F0101,16657,0,0.12,2024-10-19 14:09:41,1
06162F0101,16737,23,0.72,2024-12-18 12:54:37,1
06162F0101,16774,64,2.7,2024-12-25 15:47:57,1
06162F0101,16776,18,2.5,2024-11-30 13:15:52,1
06162F0101,16871,7,2.7,2024-08-29 12:50:41,1
06162F0101,17029,24,2.04,2024-06-27 19:45:19.999000,1
06162F0101,17030,22,2.04,2024-10-30 11:24:55.999000,1
06162F0101,17071,5,2.52,2024-09-06 16:23:56,1
06162F0101,17074,5,1.85,2024-12-30 18:48:06.999000,1
06162F0101,17075,5,1.85,2024-12-18 12:58:33,1
06162F0101,17083,9,1.33,2024-12-28 12:50:40,1
06162F0101,17705,3,1.588,2024-12-28 15:33:59,1
06162F0101,18048,26,6.2,2024-11-02 09:48:15.999000,1
06162F0101,18091,36,6.5,2024-12-31 01:15:47.999000,1
06162F0101,18156,11,1.42,2024-12-28 23:42:26.999000,1
06162F0101,18158,0,3.5,2024-12-24 01:25:27.999000,1
06162F0101,18511,0,4.7,2024-03-04 15:33:07.999000,1
06162F0101,18694,1,3.0,2024-12-11 13:15:52,1
06162F0101,18698,23,2.2,2024-12-01 15:04:44.999000,1
06162F0101,18726,0,0.11,2024-11-07 15:50:58.999000,1
06162F0101,18869,3,70.0,2024-11-27 10:39:37,1
06162F0101,18879,19,10.15,2024-12-10 15:43:46.999000,1
06162F0101,18886,78,3.0,2024-12-12 17:45:03.999000,1
06162F0101,19166,2,29.9,2024-12-30 12:51:31,1
06162F0101,19234,0,2.2,2024-08-03 14:14:07,1
06162F0101,19421,110,0.9,2024-12-24 16:21:50.999000,1
06162F0101,19429,5,47.0,2024-12-28 13:17:21,1
06162F0101,19723,50,4.01,2024-12-22 13:19:51.999000,1
06162F0101,19918,55,0.34,2024-12-25 15:54:11.999000,1
06162F0101,20036,797,0.6,2024-12-30 18:45:14.999000,1
06162F0101,20361,45,0.85,2024-12-18 12:54:37,1
06162F0101,20395,2600,0.18,2024-09-21 11:17:01.999000,1
06162F0101,20455,1,29.5,2024-12-27 10:53:17.999000,1
06162F0101,20479,0,15.3,2024-05-29 19:59:03,1
06162F0101,20594,150,1.2,2024-12-30 16:16:40.999000,1
06162F0101,21620,0,0.18269,2024-02-27 14:02:43,1
06162F0101,21909,8,110.0,2024-11-27 10:39:38,1
06162F0101,22035,3,19.0,2024-07-31 19:00:24,1
06162F0101,22109,3,3.3,2024-06-28 13:36:05.999000,1
06162F0101,22128,0,37.5,2024-10-25 15:10:30,1
06162F0101,22129,0,37.5,2024-10-25 15:10:30,1
06162F0101,22211,0,78.0,2024-03-31 12:04:19.999000,1
06162F0101,22252,0,4.103333,2024-03-04 15:33:07.999000,1
06162F0101,22256,604,1.0,2024-12-31 22:19:01.999000,1
06162F0101,22308,2,201.0,2023-12-31 01:44:57,1
06162F0101,22365,1,10.5,2024-11-30 13:13:28.999000,1
06162F0101,22405,65,0.26,2024-11-30 09:41:45,1
06162F0101,22670,2,12.0,2024-10-31 16:25:49.999000,1
06162F0101,22713,90,3.55,2024-12-18 12:56:22,1
06162F0101,22775,1,10.5,2023-12-31 01:44:57,1
06162F0101,22901,3,25.0,2024-03-31 11:42:29.999000,1
06162F0101,22920,0,16.0,2024-06-28 18:36:14.999000,1
06162F0101,23113,0,48.0,2024-07-15 13:35:33.999000,1
06162F0101,23127,5485,0.078,2024-12-18 13:00:22.999000,1
06162F0101,23141,0,31.0,2024-02-27 15:34:00.999000,1
06162F0101,23146,20,4.5,2024-12-28 13:17:22,1
06162F0101,23180,0,26.0,2024-02-29 10:19:44.999000,1
06162F0101,23370,1,72.0,2024-12-12 16:06:01.999000,1
06162F0101,23438,175,1.3,2024-08-29 13:57:14.999000,1
06162F0101,23630,4,14.0,2024-10-31 16:27:07,1
06162F0101,23964,0,3.37,2024-09-21 14:54:23,1
06162F0101,24072,81,0.435,2024-09-21 13:57:10,1
06162F0101,24090,0,49.202683,2024-01-31 12:45:05,1
06162F0101,24334,0,3.45,2024-12-04 15:12:36,1
06162F0101,24391,0,270.790281,2024-12-28 13:17:21,1
06162F0101,24760,2946,0.154087,2024-12-29 14:50:35,1
06162F0101,24840,0,75.0,2024-09-30 08:23:33.999000,1
06162F0101,25122,243,0.872,2024-10-16 10:41:53.999000,1
06162F0101,25349,104,4.95,2024-07-31 18:51:10,1
06162F0101,25938,0,0.24,2024-12-28 13:17:23,1
06162F0101,26362,4,1.385124,2024-12-18 16:47:32,1
06162F0101,26631,0,11.3,2024-06-28 18:36:14.999000,1
06162F0101,26751,0,165.0,2024-10-30 10:44:08.999000,1
06162F0101,26770,1,67.0,2024-07-31 19:13:51.999000,1
06162F0101,27731,5,90.0,2024-06-28 13:28:36,1
06162F0101,28250,2,50.7,2024-12-28 13:17:22,1
06162F0101,28300,2,39.0,2024-08-29 12:50:41,1
06162F0101,28395,31,3.4,2024-12-18 12:56:22,1
06162F0101,28530,50,11.5,2024-10-30 10:44:11,1
06162F0101,28800,110,8.98,2024-06-27 19:45:19.999000,1
06162F0101,29109,8,6.9,2024-10-30 10:44:08.999000,1
06162F0101,29155,0,1.805385,2024-11-18 19:55:26,1
06162F0101,29405,284,1.44,2024-12-28 11:06:07.999000,1
06162F0101,29457,0,2.100396,2024-11-18 19:55:26,1
06162F0101,29817,17,6.304,2024-12-11 15:27:07.999000,1
06162F0101,29849,0,3.19,2024-07-30 11:48:16.999000,1
06162F0101,29856,9,30.0,2024-07-31 18:51:11.999000,1
06162F0101,30034,24,13.75,2024-12-28 13:17:23,1
06162F0101,30456,1,67.0,2024-12-28 13:17:20,1
06162F0101,30498,2,7.41,2024-03-18 19:53:44,1
06162F0101,30588,226,0.354,2024-12-31 22:17:21,1
06162F0101,30666,0,6.24,2024-02-29 10:03:02,1
06162F0101,31021,0,71.19,2024-01-29 10:29:24.999000,1
06162F0101,31025,0,1.4986,2024-11-18 19:55:26,1
06162F0101,31045,5,84.9,2024-07-31 18:51:09,1
06162F0101,31074,13,8.23,2024-12-18 12:57:21,1
06162F0101,31340,0,0.24,2024-12-28 13:17:23,1
06162F0101,31353,8,9.35,2024-07-12 13:34:12,1
06162F0101,31414,3,48.0,2024-11-27 10:39:38,1
06162F0101,31509,0,8.3,2024-09-28 13:20:27,1
06162F0101,31606,2,42.7,2023-12-31 01:44:57,1
06162F0101,31735,0,2.0,2024-04-29 19:15:11.999000,1
06162F0101,31841,8,23.6,2024-12-28 13:17:23.999000,1
06162F0101,31904,0,152.0,2024-07-31 19:13:53,1
06162F0101,31907,5,3.55,2024-10-31 14:34:32.999000,1
06162F0101,32537,0,73.39,2024-01-29 12:08:47.999000,1
06162F0101,32560,1,23.25,2024-04-29 19:15:10.999000,1
06162F0101,32652,0,1.57,2024-11-27 10:39:36,1
06162F0101,32731,0,10.0,2024-12-06 08:21:48.999000,1
06162F0101,33271,100,2.19,2024-12-18 13:01:21.999000,1
06162F0101,33557,150,1.1,2024-12-30 16:16:40.999000,1
06162F0101,33881,0,0.74,2024-11-27 11:38:35,1
06162F0101,34265,0,312.0,2024-02-27 14:08:12.999000,1
06162F0101,34834,150,1.2,2024-12-30 16:16:41.999000,1
06162F0101,35040,2661,0.052,2024-12-27 11:42:14.999000,1
06162F0101,35206,0,48.0,2024-11-27 10:39:38,1
06162F0101,35320,9,33.8,2024-06-28 19:17:35,1
06162F0101,35343,1525,2.748648,2024-12-11 15:17:33,1
06162F0101,36271,211,0.964072,2024-12-30 15:43:03.999000,1
06162F0101,36412,40,5.3,2024-12-28 11:08:21.999000,1
06162F0101,36413,13,3.98,2024-11-30 13:18:00.999000,1
06162F0101,36860,3,9.6,2024-08-29 12:48:25,1
06162F0101,36873,0,55.0,2024-10-25 15:10:30,1
06162F0101,37467,30,6.08,2024-08-09 14:17:50.999000,1
06162F0101,38051,1,40.0,2024-08-29 11:43:16,1
06162F0101,38553,5,33.0,2024-03-22 17:23:21,1
06162F0101,38558,2,75.0,2024-06-28 18:31:53,1
06162F0101,38680,0,2.85,2024-09-20 11:08:18,1
06162F0101,38955,705,2.550584,2024-12-11 15:12:51,1
06162F0101,39096,173,0.72,2024-12-30 12:29:33.999000,1
06162F0101,39992,42,1.28,2024-12-28 15:33:59,1
06162F0101,40785,1,35.0,2024-06-28 13:37:17,1
06162F0101,41364,0,0.1,2024-04-30 11:37:22.999000,1
06162F0101,41485,1000,0.168,2024-12-18 13:00:22.999000,1
06162F0101,41488,0,0.1035,2024-09-21 14:37:09.999000,1
06162F0101,41694,900,0.58,2024-10-30 11:12:46,1
06162F0101,41842,60,0.503959,2024-12-28 17:52:20,1
06162F0101,42003,0,45.0,2024-08-09 14:17:50.999000,1
06162F0101,42251,0,29.2,2024-11-27 11:38:35,1
06162F0101,42982,4,78.0,2024-07-31 19:00:26,1
06162F0101,43815,0,14.0,2024-07-31 09:46:30.999000,1
06162F0101,43866,0,42.893,2024-12-27 08:34:02.999000,1
06162F0101,44800,0,34.93,2024-05-30 09:00:37,1
06162F0101,45068,7,210.136968,2024-08-29 12:50:41,1
06162F0101,47028,200,2.069,2024-12-18 13:00:22.999000,1
06162F0101,47270,265,7.7998,2024-12-18 13:00:22.999000,1
06162F0101,47714,600,0.384,2024-04-29 19:15:11.999000,1
06162F0101,51420,150,0.557,2024-11-27 10:39:37,1
06162F0101,17563,126,0.1348,2024-12-30 15:43:02.999000,1
06162F0101,37091,141,0.963879,2024-12-30 15:43:03.999000,1
06162F0101,50814,136,42.933638,2024-12-30 15:43:01.999000,1
06162F0101,51089,136,1e-05,2024-12-30 15:43:02.999000,1
06162F0101,08172,3,84.96,2024-11-02 08:44:11.999000,1
06162F0101,45221,50,2.65,2024-12-28 15:33:58,1
06162F0101,22933,4,21.0,2024-06-28 18:36:15.999000,1
06162F0101,21923,8,6.9,2024-09-30 09:12:39.999000,1
06162F0101,22712,0,9.35,2024-10-18 15:09:07,1
06162F0101,31594,64,19.5,2024-12-27 08:32:33,1
06162F0101,32181,12,9.5,2024-11-20 14:39:29.999000,1
06162F0101,00091,345,0.068,2024-10-16 18:42:08,1
06162F0101,00794,26,2.235,2024-12-18 12:57:20,1
06162F0101,03515,1628,0.25,2024-12-30 18:20:13,1
06162F0101,19677,55,4.65,2024-09-26 16:15:56.999000,1
06162F0102,45095,15,38.94,2024-12-28 15:37:42,1
06162F0101,53000,0,412.50912,2024-03-31 12:41:11.999000,1
06162F0101,03191,680,0.42,2024-09-29 15:20:31,1
06162F0101,25008,1000,0.15989,2024-11-30 13:21:40,1
06162F0102,18931,0,0.455,2024-07-30 13:56:06.999000,1
06162F0101,22233,200,0.755,2024-02-21 13:54:22.999000,1
06162F0101,06519,29,8.37,2024-06-27 19:45:19.999000,1
06162F0101,01467,10,0.69,2024-02-29 19:34:42.999000,1
06162F0101,05856,9,0.71304,2024-08-27 16:30:59,1
06162F0101,11854,3,1.79,2024-02-21 14:00:24.999000,1
06162F0101,04394,0,3.004,2024-03-30 09:24:29.999000,1
06162F0101,00627,282,1.38,2024-12-28 01:14:30,1
06162F0101,31100,40,1.327,2024-12-28 15:33:59,1
06162F0101,45258,200,2.76,2024-12-18 12:56:22,1
06162F0101,23112,16000,0.28,2024-12-18 13:00:22.999000,1
06162F0101,32750,2,4.42,2024-06-27 19:45:19.999000,1
06162F0101,12520,350,0.58,2024-11-27 10:39:38,1
06162F0101,34451,4,24.8,2024-07-31 11:12:14,1
06162F0101,29264,0,17.5,2024-11-20 14:39:28.999000,1
06162F0101,03751,104,0.62,2024-12-13 18:03:48,1
06162F0101,26750,0,6.3,2024-12-11 15:27:07.999000,1
06162F0101,03789,17,6.18,2024-11-28 19:48:32,1
06162F0101,11156,278,1.51,2024-12-27 09:18:29,1
06162F0101,43358,0,400.0,2024-10-25 15:10:30,1
06162F0101,02055,88,0.473,2024-08-31 19:24:02,1
06162F0101,06517,3,21.0,2024-09-27 13:29:53.999000,1
06162F0101,12798,28,6.5,2024-12-11 14:02:11.999000,1
06162F0101,48446,1,140.0,2024-05-28 10:45:12.999000,1
06162F0101,12221,107,3.0,2024-12-31 23:30:26,1
06162F0101,18153,319,1.632,2024-12-31 22:46:14.999000,1
06162F0101,18291,666,1.32,2024-12-31 07:09:03,1
06162F0101,00933,10,4.3,2024-05-31 16:08:44.999000,1
06162F0101,05598,34,11.2,2024-09-01 16:34:21.999000,1
06162F0101,02954,49,1.9,2024-11-12 16:19:43,1
06162F0101,16468,10,4.5,2024-06-28 13:36:05.999000,1
06162F0101,16472,5,3.59,2024-06-28 13:36:05.999000,1
06162F0101,31743,0,45.5,2024-09-30 09:12:37.999000,1
06162F0101,23388,180,0.81,2024-08-29 11:59:01.999000,1
06162F0101,33937,2,35.0,2024-06-28 13:47:25.999000,1
06162F0101,19491,187,3.7,2024-12-11 15:20:18.999000,1
06162F0101,44390,971,0.9,2024-12-30 08:18:54,1
06162F0101,21583,10,25.0,2024-12-18 12:57:20,1
06162F0101,37403,128,14.0,2024-12-28 13:17:21,1
06162F0101,36872,0,55.0,2024-10-25 15:10:30,1
06162F0101,29945,3,1.3,2024-11-02 09:53:16,1
06162F0101,32760,1,97.8,2024-08-29 12:50:41,1
06162F0101,10278,4,110.0,2024-09-13 14:50:19,1
06162F0101,35515,200,0.6,2024-11-30 13:21:40,1
06162F0101,39083,140,0.32,2024-09-19 09:54:23.999000,1
06162F0101,22187,10,13.5,2024-09-19 09:55:29,1
06162F0101,00111,2,27.895,2024-12-02 17:24:55.999000,1
06162F0101,03920,100,0.95,2024-11-18 16:04:44,1
06162F0101,16767,2,3.3,2024-11-30 13:15:52,1
06162F0101,00200,600,0.023,2024-12-18 12:57:20,1
06162F0101,01243,700,0.078071,2024-12-18 12:52:22,
